username,password,salt,email,firstName,lastName,mailingChoice,address,roleNumber,clientID
Minette,password,LJ19JW87,agrioli0@cnn.com,Aarika,Grioli,1,429 Browning Park,2,10
Gilberto,password,QO84OF35,speschka1@tiny.cc,Skippie,Peschka,1,49 Delaware Lane,2,10
Caria,password,KQ42AU47,ioffin2@wired.com,Ivy,Offin,1,823 Coolidge Road,2,10
Tarrah,password,RL85TH71,lpoletto3@altervista.org,Lucinda,Poletto,1,610 Mcguire Road,2,10
Huberto,password,BX71SZ10,mjordeson4@shinystat.com,Marleen,Jordeson,1,33347 Bay Trail,2,10
Lurlene,password,JH97PY60,gjozefowicz5@instagram.com,Gradeigh,Jozefowicz,1,94 Basil Trail,1,10
Thomasine,password,NQ14CD32,jcoppins6@tinypic.com,Jayme,Coppins,1,9 Caliangt Center,1,10
Amalia,password,VZ42AV57,ameeke7@tuttocitta.it,Almeta,Meeke,1,8 Forest Dale Drive,1,10
Morrie,password,CO18PC76,jenglefield8@unicef.org,Jedd,Englefield,1,058 Monument Plaza,1,10
Kariotta,password,DP63IC98,rdavidoff9@godaddy.com,Raynell,Davidoff,1,140 Blackbird Terrace,1,10
Tye,password,WM43GB60,lmayalla@accuweather.com,Latrina,Mayall,1,8016 Golden Leaf Lane,1,10
Donia,password,MY34HK66,lgoatcherb@gravatar.com,Lindy,Goatcher,1,655 Commercial Drive,1,10
Charis,password,VG19JG62,mjaquemec@prweb.com,Meris,Jaqueme,1,4452 Dapin Point,1,10
Berny,password,ZM20NP46,nstapletond@squidoo.com,Nadean,Stapleton,1,6 Fisk Plaza,1,10
Moishe,password,HT30TB45,hsquibbe@sbwire.com,Harvey,Squibb,1,48681 Anhalt Circle,1,10
Wilow,password,QC62VF70,tselveyf@constantcontact.com,Trudey,Selvey,1,76 Gulseth Circle,0,10
Chucho,password,OL61PW41,gzaniolog@whitehouse.gov,Gideon,Zaniolo,1,0730 Sycamore Avenue,0,10
Debora,password,OW73KP20,schyuertonh@yahoo.co.jp,Shaylah,Chyuerton,1,69 Crownhardt Park,0,10
Natalina,password,RM30KD28,dmaffullii@mail.ru,Danila,Maffulli,1,25 Armistice Parkway,0,10
Claudie,password,ZW43SL71,lweinsj@flavors.me,Loralee,Weins,1,154 Veith Plaza,0,10
Brodie,password,RE55DN67,atookeyk@upenn.edu,Adiana,Tookey,1,1687 Oneill Point,0,10
Alvira,password,CA86CE84,jblythl@about.me,Jordana,Blyth,1,73670 Hazelcrest Parkway,0,10
Jessalyn,password,XF59LG71,mcastaniem@about.com,Micheil,Castanie,1,58551 Old Shore Drive,0,10
Lindsay,password,RA41YC39,gmacpaikn@youtu.be,Gale,MacPaik,1,3 Pepper Wood Avenue,0,10
Forrest,password,EF72MF70,cfahrenbacho@ibm.com,Ches,Fahrenbach,1,86410 Green Ridge Way,0,10
Ezra,password,GX85ED19,bgrimolbiep@canalblog.com,Bendicty,Grimolbie,1,346 Calypso Point,0,10
Carmelia,password,JG22UE23,cborehamq@imgur.com,Clayborn,Boreham,1,356 Lakewood Gardens Plaza,0,10
Sonya,password,TN28ZG31,lgoodspeedr@naver.com,Lanae,Goodspeed,1,5207 Meadow Ridge Hill,0,10
Lorilee,password,ON57CK45,jtizzards@tuttocitta.it,Jami,Tizzard,1,3 2nd Parkway,0,10
Willette,password,PT94UP20,afleett@trellian.com,Abey,Fleet,1,2 Doe Crossing Avenue,0,10
Rinaldo,password,SB51JA44,jgasgarthu@harvard.edu,Jeanne,Gasgarth,1,061 Sherman Pass,0,10
Riane,password,LU82KA32,ggauvinv@bloomberg.com,Giacinta,Gauvin,1,1 Del Sol Court,0,10
Christian,password,YG59EA38,cfritschelw@addthis.com,Cristen,Fritschel,1,3 Stang Avenue,0,10
Stanly,password,EI83FY92,bspelmanx@a8.net,Broddie,Spelman,1,42053 Loftsgordon Hill,0,10
Bianca,password,HX18GX20,jlumby@xinhuanet.com,Jorie,Lumb,1,17 Badeau Plaza,0,10
Junia,password,QG92SD26,atytcombz@over-blog.com,Ashlee,Tytcomb,1,1898 Scofield Hill,0,10
Tara,password,JW79TF29,acastille10@newsvine.com,Annamaria,Castille,1,7779 Clemons Junction,0,10
Ericha,password,IH20VC42,nbraune11@i2i.jp,Nichols,Braune,1,7 Mosinee Junction,0,10
Gayleen,password,QJ92UD24,belloy12@smh.com.au,Bel,Elloy,1,8674 Vidon Court,0,10
Rudolfo,password,FO38RU88,amoscrop13@umn.edu,Althea,Moscrop,1,1395 Mockingbird Avenue,0,10
Frederica,password,WK55YW27,sabys14@pbs.org,Sherline,Abys,1,3 Birchwood Avenue,0,10
Leela,password,NS24CI97,ttrousdell15@bloglovin.com,Thomasine,Trousdell,1,211 Old Shore Alley,0,10
Ainsley,password,HE97QI21,ftuberfield16@4shared.com,Fionnula,Tuberfield,1,05094 Corscot Center,0,10
Jessika,password,AY86GN45,fpighills17@businessinsider.com,Frans,Pighills,1,196 Crescent Oaks Alley,0,10
Reinwald,password,FG24HM48,ccoutts18@biblegateway.com,Chevy,Coutts,1,5822 Tennessee Hill,0,10
Aleta,password,OD78WL52,aohrt19@irs.gov,Alisun,Ohrt,1,329 Village Park,0,10
Perla,password,YG37RB61,rbussetti1a@apple.com,Randie,Bussetti,1,9 4th Road,0,10
Tabitha,password,YT31NH97,gshirtcliffe1b@time.com,Grannie,Shirtcliffe,1,024 Erie Pass,0,10
Mara,password,ND90QD43,sorfeur1c@blogspot.com,Sallyanne,Orfeur,1,70 Stuart Parkway,0,10
Carrol,password,OY76GU15,rcolhoun1d@people.com.cn,Robinia,Colhoun,1,4014 Schurz Terrace,0,10
Josias,password,NO26FK53,nraisher1e@foxnews.com,Natka,Raisher,1,906 Farmco Crossing,2,11
Clevey,password,LZ14DO98,pmangion1f@jiathis.com,Philippine,Mangion,1,8769 Rigney Place,2,11
Frank,password,PF49RA70,csnow1g@bloglines.com,Christy,Snow,1,0 Marquette Plaza,2,11
Bobinette,password,YM50BG81,mgradon1h@so-net.ne.jp,Maxie,Gradon,1,4 Cordelia Street,2,11
Daphna,password,DY91KN83,cpikett1i@accuweather.com,Corene,Pikett,1,02 Atwood Alley,2,11
Kelley,password,IJ96VH50,fseif1j@w3.org,Flin,Seif,1,381 Mcguire Road,1,11
Lorianne,password,NP51BG44,bmerfin1k@usnews.com,Babs,Merfin,1,8 Corscot Way,1,11
Joell,password,VF83KO32,ubenneton1l@1und1.de,Ulises,Benneton,1,49786 Knutson Circle,1,11
Tova,password,XE11FU35,vgoss1m@bluehost.com,Vanya,Goss,1,542 Lerdahl Way,1,11
Jeane,password,GY41MI83,sbrookson1n@arstechnica.com,Skipton,Brookson,1,56680 Little Fleur Street,1,11
Scotty,password,IO32AK11,hducarel1o@jigsy.com,Henri,Ducarel,1,8 Prairie Rose Pass,1,11
Haleigh,password,HP62UY91,islafford1p@amazonaws.com,Isidro,Slafford,1,4 Elgar Street,1,11
Val,password,EN15PN82,hbrager1q@joomla.org,Humfrid,Brager,1,305 Mosinee Avenue,1,11
Georgina,password,PK45BF61,vessex1r@oaic.gov.au,Virge,Essex,1,7 Kim Place,1,11
Michal,password,SY90IH15,slamberto1s@google.de,Spence,Lamberto,1,97164 Heath Park,1,11
Arvie,password,XU97FY87,lblaza1t@kickstarter.com,Loni,Blaza,1,90854 Jenna Drive,0,11
Chiquia,password,EB66EL20,rcarayol1u@wordpress.com,Roi,Carayol,1,3 Paget Center,0,11
Blanch,password,KT57AC48,ghamon1v@soundcloud.com,Georas,Hamon,1,10 Independence Place,0,11
Buddie,password,UW43OF75,sdabrowski1w@va.gov,Sioux,Dabrowski,1,9 Hansons Way,0,11
Goldie,password,CN91AD52,mclynman1x@cornell.edu,Mick,Clynman,1,76108 Ridgeview Place,0,11
Moina,password,GM27CC15,amuston1y@ask.com,Anatola,Muston,1,50320 Hudson Place,0,11
Simmonds,password,BP40TA14,gboal1z@wisc.edu,Gerti,Boal,1,24613 Anhalt Junction,0,11
Gay,password,CC53DO55,dmaccraw20@twitpic.com,Dasi,Maccraw,1,948 Reinke Trail,0,11
Neely,password,PR85WN66,ledwicker21@t.co,Lia,Edwicker,1,3846 Hoffman Terrace,0,11
Rose,password,PV23BB24,lblamphin22@google.com.br,Luciano,Blamphin,1,4 Golf Course Crossing,0,11
Eleanor,password,NJ38EH98,iclubley23@cnbc.com,Igor,Clubley,1,1378 Debra Road,0,11
Scotty,password,BI78UB54,rdanielski24@unc.edu,Renae,Danielski,1,75 Moulton Street,0,11
Kristo,password,ZP84LK23,msummerrell25@ftc.gov,Margaux,Summerrell,1,06079 Sullivan Point,0,11
Bordie,password,LE57XZ26,gfairfull26@ftc.gov,Georgena,Fairfull,1,13 Thierer Alley,0,11
Max,password,AD52VJ99,rdyde27@cdc.gov,Ruthy,Dyde,1,3015 Green Ridge Center,0,11
Jolie,password,NM42LL21,bsawdon28@amazon.com,Bennie,Sawdon,1,014 Northport Court,0,11
Winston,password,WM70HN46,nborrott29@loc.gov,Neilla,Borrott,1,0090 Kensington Point,0,11
Ardelle,password,EU57AT76,mgreenshields2a@desdev.cn,Marlie,Greenshields,1,4 Lighthouse Bay Street,0,11
Yetty,password,ZV35IT90,givanichev2b@hp.com,Garrard,Ivanichev,1,48558 American Crossing,0,11
Wainwright,password,UV89ZG71,mtandey2c@cnn.com,Matty,Tandey,1,492 Pawling Plaza,0,11
Justina,password,UT55PR38,cblackham2d@sourceforge.net,Callean,Blackham,1,7049 Alpine Avenue,0,11
Britt,password,XJ26ML15,bteall2e@businessinsider.com,Benn,Teall,1,157 Vermont Terrace,0,11
Beverlee,password,NU29AA61,sottawell2f@fc2.com,Skipton,Ottawell,1,45685 American Ash Place,0,11
Marty,password,DF79GO34,jtompkins2g@mail.ru,Jobi,Tompkins,1,35 Hanover Pass,0,11
Giffy,password,DB73RO32,tporcas2h@goodreads.com,Truda,Porcas,1,3469 Twin Pines Road,0,11
Nollie,password,IB43WW66,dpach2i@admin.ch,Devi,Pach,1,84 Amoth Point,0,11
Jessey,password,YI90FH94,gvodden2j@rakuten.co.jp,Gleda,Vodden,1,67 Eagan Circle,0,11
Alwin,password,UL41ZQ33,ilemar2k@disqus.com,Ives,Lemar,1,108 Tennyson Parkway,0,11
Lou,password,BI56UE38,apantone2l@friendfeed.com,Arvy,Pantone,1,81367 Blackbird Plaza,0,11
Desdemona,password,IJ16XP16,bloudon2m@engadget.com,Brien,Loudon,1,2279 Bultman Terrace,0,11
Dag,password,LR26HO63,hdarlington2n@slate.com,Hunt,Darlington,1,13831 Bartelt Court,0,11
Marchall,password,HE84SL43,eflipsen2o@harvard.edu,Elfie,Flipsen,1,42993 Harper Circle,0,11
Prudi,password,HX82GY95,tkitson2p@yandex.ru,Thorin,Kitson,1,18 Summerview Trail,0,11
Boonie,password,AN36BT42,zsprackling2q@cargocollective.com,Zorana,Sprackling,1,3 Melody Lane,0,11
Kellby,password,GS76UZ10,hprydden2r@naver.com,Harbert,Prydden,1,6401 Dorton Terrace,0,11
Heloise,password,PY85YS34,tchoak2s@cmu.edu,Trula,Choak,1,2 Claremont Park,2,12
Arvie,password,ON83RT41,ipicford2t@usnews.com,Isidore,Picford,1,2 Birchwood Trail,2,12
Bird,password,KE97QZ42,mfrid2u@ezinearticles.com,Magnum,Frid,1,91806 Lawn Park,2,12
Angelita,password,JQ87BU22,btrever2v@lulu.com,Brenden,Trever,1,42011 Susan Court,2,12
Paulita,password,SI62PC17,rransome2w@blinklist.com,Raddy,Ransome,1,61211 Gale Way,2,12
Carri,password,TA92CY95,sglennard2x@sourceforge.net,Sean,Glennard,1,8 Chinook Circle,1,12
Waylen,password,UN87DR80,nembery2y@umich.edu,Nikolaus,Embery,1,623 Mallard Terrace,1,12
Shelia,password,QL44IH50,ibassett2z@omniture.com,Izaak,Bassett,1,9261 Maple Plaza,1,12
Leona,password,RO24KN50,pbowley30@yellowpages.com,Pier,Bowley,1,505 Myrtle Trail,1,12
Clevey,password,VJ86DQ17,mwolfinger31@irs.gov,Marje,Wolfinger,1,04775 Clyde Gallagher Parkway,1,12
Ivory,password,SW70ZW97,gswains32@wordpress.com,Glynn,Swains,1,80276 Katie Way,1,12
Tom,password,UN19ZD48,sjohantges33@walmart.com,Shauna,Johantges,1,73630 Mitchell Road,1,12
Domingo,password,RN64EI12,mwoolveridge34@g.co,Mirilla,Woolveridge,1,4130 Ridgeview Crossing,1,12
Harriot,password,QO48KS54,qsconce35@pcworld.com,Quinlan,Sconce,1,8 Di Loreto Avenue,1,12
Nancy,password,NN52QP26,wgullifant36@baidu.com,Willi,Gullifant,1,673 Lawn Court,1,12
Josselyn,password,KK54BZ80,kmorrott37@amazonaws.com,Karia,Morrott,1,9138 Maple Junction,0,12
Gabbi,password,DE48TW31,smetherell38@freewebs.com,Simona,Metherell,1,4790 Sommers Circle,0,12
Theadora,password,XH79GE88,chatherell39@rakuten.co.jp,Carmelita,Hatherell,1,820 Eastwood Point,0,12
Phaidra,password,WC81GC46,mneenan3a@last.fm,Mitchael,Neenan,1,018 Arizona Trail,0,12
Brannon,password,AH62UK85,saikin3b@webmd.com,Sax,Aikin,1,06224 Melby Parkway,0,12
Archambault,password,JS18TN47,bquiney3c@github.com,Bent,Quiney,1,15812 Columbus Point,0,12
Saul,password,IK64MV49,asenton3d@howstuffworks.com,Ad,Senton,1,0 Bartelt Pass,0,12
Elvina,password,OU66JM75,lteager3e@mapquest.com,Lucilia,Teager,1,4 Blackbird Terrace,0,12
Atlanta,password,ZK13NH47,bbutte3f@answers.com,Billi,Butte,1,083 Muir Center,0,12
Ellen,password,XA63PJ86,dstuffins3g@amazon.co.jp,Deni,Stuffins,1,3575 Forest Dale Parkway,0,12
Keely,password,WY56KH45,ehayford3h@newsvine.com,Ella,Hayford,1,7556 Bayside Crossing,0,12
Annmarie,password,XM28UF79,bailmer3i@diigo.com,Bradley,Ailmer,1,44 Brentwood Trail,0,12
Anatol,password,UE74GZ72,kfranzman3j@canalblog.com,Kiley,Franzman,1,0691 Holmberg Park,0,12
Bartram,password,PF20CN97,lsowrey3k@ft.com,Leonanie,Sowrey,1,655 Pine View Center,0,12
Lu,password,XV43IX33,wblanchflower3l@51.la,Weider,Blanchflower,1,4475 Kennedy Court,0,12
Mahalia,password,YN44MQ19,ddudbridge3m@w3.org,Danita,Dudbridge,1,885 Judy Court,0,12
Tonya,password,UL31BA67,kaldersea3n@jiathis.com,Kayne,Aldersea,1,4514 Kenwood Way,0,12
Nance,password,UR92UI29,gmicheau3o@i2i.jp,Goddart,Micheau,1,394 Ilene Junction,0,12
Mechelle,password,VH40RY76,gconrard3p@mapy.cz,Gabriellia,Conrard,1,28365 Farmco Place,0,12
Tatum,password,KQ65FI13,askyrme3q@disqus.com,Amalie,Skyrme,1,57258 Haas Way,0,12
Nert,password,IM82NN84,nprosch3r@bravesites.com,Nikos,Prosch,1,30142 Lakewood Gardens Hill,0,12
Duffy,password,WN65KB97,jcolnet3s@google.fr,Joe,Colnet,1,2690 Declaration Circle,0,12
Cindee,password,XQ99RC43,ssessions3t@cdc.gov,Starlin,Sessions,1,6797 Waywood Drive,0,12
Tiffani,password,YJ11EX88,bmcilharga3u@deliciousdays.com,Binni,McIlharga,1,9 Porter Point,0,12
Ferrel,password,VW58JV12,yibbetson3v@etsy.com,Yank,Ibbetson,1,80 Schiller Point,0,12
Giavani,password,UL99LF57,rstote3w@wufoo.com,Rose,Stote,1,797 Old Shore Hill,0,12
Claybourne,password,TH62TU39,nsighard3x@washingtonpost.com,Neville,Sighard,1,7868 Prentice Way,0,12
Ethan,password,CH58MD80,sverring3y@comcast.net,Silva,Verring,1,043 Holmberg Circle,0,12
Hirsch,password,CD57PN44,dkerans3z@unicef.org,Delmer,Kerans,1,40 Bobwhite Junction,0,12
Carol,password,OD98HA64,froycroft40@google.ru,Federica,Roycroft,1,373 Pierstorff Court,0,12
Lindsay,password,CU49ET23,lclover41@jalbum.net,Layney,Clover,1,69 Oxford Alley,0,12
Berna,password,IU88AP13,bsedgeworth42@ucla.edu,Blancha,Sedgeworth,1,9 Warner Plaza,0,12
Raquel,password,IK43PG25,jfernan43@nature.com,Jule,Fernan,1,582 Shasta Center,0,12
Normie,password,YO30YV97,tdemichele44@samsung.com,Tracie,De Michele,1,04814 Melby Circle,0,12
Katrine,password,ME70CF43,gpentycross45@cbsnews.com,Germaine,Pentycross,1,8 Dennis Terrace,0,12
Linn,password,ZW49JV53,kwemm46@cornell.edu,Kareem,Wemm,1,94930 Pine View Trail,2,13
Filippo,password,WX30OD37,zolivas47@illinois.edu,Zane,Olivas,1,5 Lunder Court,2,13
Jarid,password,WX24CG96,astockell48@slashdot.org,Alric,Stockell,1,91158 Kedzie Parkway,2,13
Orsola,password,KN31IC43,ggreenhaugh49@shutterfly.com,Giavani,Greenhaugh,1,62875 Canary Alley,2,13
Nathaniel,password,SY83JG85,mhallgough4a@nps.gov,Maren,Hall-Gough,1,1476 Lindbergh Crossing,2,13
Hillel,password,VE97DU25,jmaccallister4b@weibo.com,Jamil,MacCallister,1,408 Hintze Lane,1,13
Miguelita,password,ES25LS90,ntewkesbury4c@miibeian.gov.cn,Noble,Tewkesbury,1,64279 Pleasure Parkway,1,13
Junette,password,FN63QH17,urasell4d@cam.ac.uk,Ulrikaumeko,Rasell,1,700 North Road,1,13
Vasilis,password,AY55HI83,dwestlake4e@xrea.com,Deanne,Westlake,1,69 Gulseth Point,1,13
Wynny,password,AT31WU79,bsaltmarsh4f@pbs.org,Brianne,Saltmarsh,1,27273 Nelson Pass,1,13
Hewitt,password,ME78SC46,ifalconer4g@icq.com,Ira,Falconer,1,03631 Blaine Junction,1,13
Nadiya,password,SG59GQ47,dmoline4h@smh.com.au,Deb,Moline,1,33 Melby Hill,1,13
Kelsy,password,SX14RB84,ipaton4i@mozilla.org,Isobel,Paton,1,21240 International Pass,1,13
Peria,password,IC51FT58,abrownell4j@unc.edu,Aharon,Brownell,1,6589 Buell Point,1,13
Giusto,password,WY43MD75,rjeness4k@gizmodo.com,Reyna,Jeness,1,7424 Fuller Lane,1,13
Aili,password,UD15UT59,bgerdes4l@usnews.com,Betta,Gerdes,1,0 Novick Lane,0,13
Rochette,password,CL24NY22,serskine4m@tripadvisor.com,Shea,Erskine,1,2808 Ridgeway Hill,0,13
Merrilee,password,FY82VC97,kdennington4n@pcworld.com,Kordula,Dennington,1,092 Michigan Plaza,0,13
Nathalia,password,WU13XR48,vrackstraw4o@imageshack.us,Virgil,Rackstraw,1,38446 Cambridge Parkway,0,13
Grete,password,PE85BH92,cdefraine4p@webnode.com,Clemens,Defraine,1,46378 Thackeray Park,0,13
Egon,password,LF24PO40,atynemouth4q@biglobe.ne.jp,Adan,Tynemouth,1,32487 Steensland Trail,0,13
Grace,password,SQ15HX29,bbirdwhistell4r@blogspot.com,Brigg,Birdwhistell,1,8 Grayhawk Avenue,0,13
Jorgan,password,PJ97YX64,rpappin4s@1688.com,Rica,Pappin,1,552 High Crossing Lane,0,13
Brynne,password,QA53EK83,rkerwood4t@qq.com,Rollie,Kerwood,1,39 Anthes Hill,0,13
Jacobo,password,AX99YO84,ccoverdale4u@disqus.com,Caritta,Coverdale,1,6872 Ridgeview Parkway,0,13
Ardyth,password,VX73KS42,bdeverson4v@naver.com,Brannon,de Verson,1,48449 Manufacturers Crossing,0,13
Bernita,password,GU79FF35,lschoffler4w@homestead.com,Lezley,Schoffler,1,78044 Farmco Place,0,13
Christabel,password,EI58FR19,thanselman4x@paginegialle.it,Theressa,Hanselman,1,225 Corry Lane,0,13
Robb,password,PC28IK74,kravilious4y@reddit.com,Kirby,Ravilious,1,5 Transport Point,0,13
Mattie,password,KU27NA31,igrayer4z@opera.com,Issi,Grayer,1,26 Springs Alley,0,13
Mozelle,password,IQ12VG97,cleteurtre50@hugedomains.com,Cathyleen,Leteurtre,1,26832 Packers Terrace,0,13
Ermengarde,password,IB28OT55,kstorrie51@oracle.com,Karmen,Storrie,1,275 Superior Center,0,13
Gertruda,password,LB73JW60,jfetherston52@privacy.gov.au,Joyous,Fetherston,1,6 Meadow Valley Road,0,13
Link,password,EI23IP28,lkleehuhler53@imdb.com,Lira,Kleehuhler,1,52 Mcbride Alley,0,13
Dayle,password,TQ10FR39,tremnant54@sun.com,Tabatha,Remnant,1,4 Mallory Hill,0,13
Eolanda,password,EA53YO21,lhearon55@mapquest.com,Lark,Hearon,1,640 Springview Lane,0,13
Izak,password,RP61AK40,gmerrett56@opensource.org,Garnette,Merrett,1,656 Northland Plaza,0,13
Jolene,password,MP49OD67,velcombe57@squarespace.com,Valina,Elcombe,1,234 Buhler Plaza,0,13
Geoffrey,password,EF83CW53,shedley58@google.cn,Stanislaw,Hedley,1,29 Mcguire Center,0,13
Astrid,password,RC29YN33,kmays59@seesaa.net,Kip,Mays,1,06289 Randy Way,0,13
Mitchael,password,DC14EJ22,blassen5a@wordpress.com,Bernetta,Lassen,1,38 Fulton Point,0,13
Pearce,password,HE51BB93,kthies5b@aboutads.info,Kristoffer,Thies,1,9 Prairie Rose Court,0,13
Fernandina,password,NU80QF98,hinstock5c@mail.ru,Heath,Instock,1,6521 Monterey Street,0,13
Gabie,password,CY84ZW23,npinsent5d@theguardian.com,Nicky,Pinsent,1,279 Cherokee Street,0,13
Jamison,password,BA38QZ30,sviel5e@tiny.cc,Simone,Viel,1,3 Coleman Street,0,13
Angela,password,EH75AP58,tdovidaitis5f@google.com.hk,Thorsten,Dovidaitis,1,2193 Dapin Terrace,0,13
Andris,password,KL81OT21,pmacaskill5g@naver.com,Perry,MacAskill,1,408 Swallow Alley,0,13
Janos,password,HY47BL47,wcroxton5h@senate.gov,Wright,Croxton,1,80 Wayridge Street,0,13
Milli,password,CM42KH70,owhanstall5i@wired.com,Otto,Whanstall,1,83 Hayes Drive,0,13
Christiano,password,RS39BB12,bbrampton5j@nydailynews.com,Bill,Brampton,1,1 Colorado Point,0,13
Margette,password,WA54XM10,ljenk5k@ifeng.com,Leland,Jenk,1,31269 Bay Street,2,14
Haily,password,JL40RV68,mfranseco5l@sbwire.com,Marge,Franseco,1,02 Mockingbird Drive,2,14
Laney,password,RD72WM65,wrowney5m@etsy.com,Welbie,Rowney,1,21801 Haas Court,2,14
Lindon,password,HR51IX92,mmeynell5n@slashdot.org,Michail,Meynell,1,5823 Forest Dale Drive,2,14
Iseabal,password,SO48AE75,urosenwasser5o@state.tx.us,Ursula,Rosenwasser,1,969 Mccormick Park,2,14
Reid,password,GD92MQ51,rtomaszewicz5p@storify.com,Rycca,Tomaszewicz,1,14 Rigney Way,1,14
Rickie,password,PC82ZX37,abosher5q@google.co.uk,Alfredo,Bosher,1,888 Cascade Court,1,14
Ebenezer,password,UB66CV90,ceisenberg5r@dagondesign.com,Cherice,Eisenberg,1,89478 7th Hill,1,14
Shalom,password,XH13MN42,hlegrave5s@google.ca,Henderson,Legrave,1,747 Larry Crossing,1,14
Evania,password,DH11MY77,tberrecloth5t@storify.com,Torin,Berrecloth,1,91 Graedel Crossing,1,14
Trstram,password,ZD27DG23,brhoddie5u@lycos.com,Blayne,Rhoddie,1,8 Parkside Place,1,14
Sascha,password,GK67KP41,dstieger5v@time.com,Durant,Stieger,1,7 Bunker Hill Crossing,1,14
Sayre,password,BY19QH92,jglendenning5w@oaic.gov.au,Joletta,Glendenning,1,53 Dixon Hill,1,14
Abbott,password,RG35UD90,spavey5x@histats.com,Sylvester,Pavey,1,2 Orin Parkway,1,14
Gleda,password,SN55PE34,dbonelle5y@techcrunch.com,Dugald,Bonelle,1,39720 Hazelcrest Place,1,14
Galven,password,UP34UJ65,hgooders5z@examiner.com,Heather,Gooders,1,8 Bartelt Alley,0,14
Amelita,password,UV92QY40,fburton60@zdnet.com,Fabian,Burton,1,625 Lerdahl Court,0,14
Goldy,password,NW26GN82,lkamien61@github.com,Lindi,Kamien,1,94 Donald Street,0,14
My,password,GG69QD96,eformigli62@hatena.ne.jp,Ericha,Formigli,1,7 Golf Court,0,14
Grace,password,LP82SF89,dtidy63@istockphoto.com,Dana,Tidy,1,71352 Duke Circle,0,14
Finlay,password,MI18VZ71,lpimer64@eepurl.com,Lazarus,Pimer,1,00 Melby Court,0,14
Maybelle,password,GW12LK92,tpremble65@about.me,Tad,Premble,1,7229 Farmco Court,0,14
Omar,password,SJ35HS49,mlongman66@hp.com,Magdalena,Longman,1,974 Graedel Center,0,14
Genia,password,CP98HH82,lstallion67@flavors.me,Lorine,Stallion,1,370 Express Lane,0,14
Addison,password,HW37IX79,whumerstone68@people.com.cn,Willetta,Humerstone,1,11 Packers Street,0,14
Cooper,password,SZ85FB48,arubenchik69@reference.com,Anselm,Rubenchik,1,936 Welch Junction,0,14
Niall,password,SW12CK16,kmcaleese6a@dropbox.com,Karl,McAleese,1,031 Blaine Plaza,0,14
Phillida,password,OZ54ID86,jgryglewski6b@cafepress.com,Janine,Gryglewski,1,25 Schlimgen Terrace,0,14
Angeli,password,BK26TR62,lgradon6c@yolasite.com,Lian,Gradon,1,48 Ronald Regan Point,0,14
Jdavie,password,CE56MM48,dbodycombe6d@slideshare.net,Danyelle,Bodycombe,1,20 Katie Circle,0,14
Marwin,password,CK84FA73,tcicccitti6e@cocolog-nifty.com,Trstram,Cicccitti,1,058 Pearson Parkway,0,14
Gussie,password,LT82IU47,stidman6f@reference.com,Sheffy,Tidman,1,1446 Colorado Street,0,14
Winthrop,password,DV74JU62,itedahl6g@umn.edu,Ingra,Tedahl,1,40298 Kim Point,0,14
Frasquito,password,WX68IW56,athorsen6h@bravesites.com,Alejandrina,Thorsen,1,5281 Corry Plaza,0,14
Nealson,password,KT47LI72,ldelhay6i@nymag.com,Lodovico,Delhay,1,08277 Elgar Road,0,14
Cleve,password,XM45TE46,ayurukhin6j@state.tx.us,Abey,Yurukhin,1,1 Homewood Junction,0,14
Noell,password,IM68OK95,jlyddyard6k@sciencedirect.com,Jilli,Lyddyard,1,21488 Cordelia Crossing,0,14
Bria,password,ME28WN37,ncolcomb6l@cnn.com,Norbie,Colcomb,1,99 Crowley Crossing,0,14
Cymbre,password,NH43UC15,conslow6m@bandcamp.com,Calida,Onslow,1,8472 Del Sol Drive,0,14
Rem,password,ND26IJ45,tblueman6n@hibu.com,Tyrus,Blueman,1,16722 Del Mar Park,0,14
Augie,password,BS49QZ18,arennocks6o@hexun.com,Aymer,Rennocks,1,13 Chive Point,0,14
Darsie,password,YX19JL55,agregorace6p@vimeo.com,Amanda,Gregorace,1,6 Fairfield Terrace,0,14
Rafaello,password,XL17UZ91,lginglell6q@ow.ly,Lucinda,Ginglell,1,804 Northport Avenue,0,14
Wanids,password,EM11QY83,ggyver6r@so-net.ne.jp,Gertruda,Gyver,1,4499 Eagle Crest Parkway,0,14
Hannie,password,WB70TH44,tscattergood6s@ask.com,Thacher,Scattergood,1,8 Independence Street,0,14
Faustina,password,HZ19NI47,amunnings6t@devhub.com,Andris,Munnings,1,3044 Lakeland Parkway,0,14
Phyllis,password,KG84WH28,skyles6u@sfgate.com,Sayre,Kyles,1,9 Macpherson Avenue,0,14
Katusha,password,WU84ZU54,cgoodbairn6v@fda.gov,Cesaro,Goodbairn,1,46566 Becker Park,0,14
Ignacius,password,QT54CA51,jqueripel6w@sun.com,Josias,Queripel,1,61 Meadow Ridge Court,0,14
Sadye,password,XH85VM86,tjankowski6x@theguardian.com,Tonie,Jankowski,1,393 Northridge Hill,0,14
Graeme,password,MZ89EO56,celvin6y@bloglines.com,Cord,Elvin,1,028 North Park,2,15
Hazel,password,KL12QB56,jpiggen6z@seattletimes.com,Jerrilee,Piggen,1,12068 Dennis Crossing,2,15
Dorthea,password,TM52YI66,elinck70@noaa.gov,Emelia,Linck,1,1 Upham Center,2,15
Domini,password,ZC29OI26,ltyce71@google.nl,Lebbie,Tyce,1,54935 Scoville Point,2,15
Adora,password,LY43ME52,bnorthey72@live.com,Babita,Northey,1,2 Warrior Lane,2,15
Aurelea,password,JL74MD72,nreaveley73@seattletimes.com,Nat,Reaveley,1,59 Merchant Avenue,1,15
Sallie,password,VS73NU18,kswainger74@hao123.com,Katy,Swainger,1,59406 Surrey Point,1,15
Augustine,password,SH60DB67,akeele75@state.gov,Abeu,Keele,1,79 Luster Point,1,15
Buddy,password,XI96BD56,iremon76@cbsnews.com,Inger,Remon,1,93 Springview Trail,1,15
Junie,password,VG74ZF16,lgrzegorek77@nature.com,Lynne,Grzegorek,1,81 Scofield Drive,1,15
Arlyn,password,HO92HV16,abrann78@homestead.com,Averil,Brann,1,8516 Burrows Parkway,1,15
Lance,password,BB31BU23,emalbon79@vinaora.com,Ev,Malbon,1,952 Sycamore Road,1,15
Geri,password,GZ23PE25,cedwicker7a@php.net,Chicky,Edwicker,1,0 Southridge Lane,1,15
Adrianne,password,GL90LE81,nleathe7b@wunderground.com,Norby,Leathe,1,36 Maywood Road,1,15
Lyndsay,password,UU84RU65,rfulep7c@army.mil,Ruthe,Fulep,1,9440 Goodland Hill,1,15
Abeu,password,KZ34WI96,aheinrici7d@dmoz.org,Aindrea,Heinrici,1,683 Morrow Parkway,0,15
Eydie,password,DS90BP23,edeble7e@redcross.org,Emalia,Deble,1,15189 Cardinal Way,0,15
Auroora,password,VJ28XE81,wforsdike7f@ebay.com,Waldemar,Forsdike,1,3582 Sutteridge Place,0,15
Corby,password,IA96QF13,myate7g@smugmug.com,Myrna,Yate,1,36 6th Crossing,0,15
Lucien,password,GS21CY67,vhaacker7h@adobe.com,Venita,Haacker,1,564 Hanover Park,0,15
Hadley,password,UC86GL64,mbruford7i@omniture.com,Michell,Bruford,1,36 Sunnyside Alley,0,15
Tymothy,password,HB13GT31,kcavil7j@netvibes.com,Kathe,Cavil,1,7623 Reindahl Alley,0,15
Ruth,password,RZ80YT16,tfrankum7k@house.gov,Theresina,Frankum,1,5 Onsgard Pass,0,15
Jamima,password,TU14LF16,mgazzard7l@123-reg.co.uk,Morlee,Gazzard,1,06298 Briar Crest Pass,0,15
Norbert,password,WY97FI66,acleife7m@bravesites.com,Anderea,Cleife,1,7 Debra Trail,0,15
Lillis,password,NA55BN95,cyeandel7n@addtoany.com,Christine,Yeandel,1,085 Maywood Place,0,15
Avril,password,ZE55RL61,mgiottini7o@free.fr,Marja,Giottini,1,890 Stang Circle,0,15
Vivianna,password,VZ56NV11,acoils7p@shop-pro.jp,Abbey,Coils,1,9849 Northridge Drive,0,15
Flem,password,GC78TZ78,akuhnke7q@cnet.com,Augusto,Kuhnke,1,58 Muir Avenue,0,15
Cayla,password,KT77QI18,csavery7r@amazon.com,Corrine,Savery,1,77 Nobel Avenue,0,15
Redd,password,QS22AJ38,ktatford7s@nbcnews.com,Kelcey,Tatford,1,2012 Dwight Road,0,15
Lula,password,TR34CC85,ccrimmins7t@usatoday.com,Christa,Crimmins,1,66 Mockingbird Terrace,0,15
Desmond,password,ZN61AY78,imcmurty7u@who.int,Isahella,McMurty,1,90122 Jenifer Lane,0,15
Hogan,password,GP24KQ65,dcopnell7v@rambler.ru,Dannye,Copnell,1,8 Division Point,0,15
Prent,password,BW86KC34,pmurname7w@google.ca,Prinz,Murname,1,763 Mallory Parkway,0,15
Shanan,password,AV94HE88,hfeatherstone7x@mozilla.com,Herc,Featherstone,1,2 Nevada Point,0,15
Lizbeth,password,FJ34XV45,bkubas7y@accuweather.com,Bartholomeus,Kubas,1,273 Nobel Pass,0,15
Birgit,password,UC78LZ27,cleming7z@over-blog.com,Carol-jean,Leming,1,648 Aberg Crossing,0,15
Dee dee,password,JX34ZN19,pbarnes80@aol.com,Perceval,Barnes,1,3996 Fisk Place,0,15
Edita,password,KX92VP62,agerrets81@dyndns.org,Aleksandr,Gerrets,1,1578 Mcbride Lane,0,15
Tony,password,RF13EO59,ilambertazzi82@unblog.fr,Irvine,Lambertazzi,1,4695 Milwaukee Place,0,15
Anastasia,password,DT14WF35,nmoyers83@amazonaws.com,Nevin,Moyers,1,51812 Mifflin Avenue,0,15
Rosalinde,password,IO24YI41,aappleyard84@illinois.edu,Aila,Appleyard,1,6 Utah Avenue,0,15
Alice,password,QI82IX97,ufettiplace85@microsoft.com,Una,Fettiplace,1,5015 Autumn Leaf Junction,0,15
Shina,password,BO96YO60,lspur86@imageshack.us,Liz,Spur,1,3403 Park Meadow Alley,0,15
Codi,password,FW63QO20,ipanniers87@si.edu,Isac,Panniers,1,414 Dawn Pass,0,15
Kelcey,password,RQ79YA70,irodenburg88@51.la,Iago,Rodenburg,1,94 Golden Leaf Point,0,15
Kizzee,password,IS71HZ42,vcantillion89@delicious.com,Vivianna,Cantillion,1,55 Sunbrook Junction,0,15
Goraud,password,JY97XK40,ciddons8a@nbcnews.com,Cherice,Iddons,1,773 Hintze Hill,0,15
Clare,password,OB18QD44,jyarnton8b@feedburner.com,Jon,Yarnton,1,3 Roth Pass,0,15
Karrie,password,ZF87TG40,jgasticke8c@patch.com,Jenica,Gasticke,1,39642 Quincy Parkway,2,16
Lorie,password,AS66ZW22,tgisborne8d@domainmarket.com,Tedda,Gisborne,1,3 Goodland Crossing,2,16
Reed,password,FU56TW30,cbeernt8e@scientificamerican.com,Cassandre,Beernt,1,5654 Fieldstone Circle,2,16
Calida,password,TU28QZ64,skadd8f@sciencedirect.com,Shem,Kadd,1,10 American Center,2,16
Tracey,password,LN46TD60,celliss8g@blogtalkradio.com,Cecil,Elliss,1,96057 Mosinee Plaza,2,16
Renae,password,RH40YH89,bbicheno8h@cyberchimps.com,Bobbette,Bicheno,1,8 Union Way,1,16
Felipe,password,LM71FB88,eparagreen8i@t.co,Ellyn,Paragreen,1,00808 Fieldstone Trail,1,16
Patrizius,password,YU16IB67,eommundsen8j@bigcartel.com,Erastus,Ommundsen,1,7 Harper Crossing,1,16
Reginauld,password,GQ87XQ81,pguilliatt8k@jugem.jp,Pen,Guilliatt,1,78934 Anthes Center,1,16
Dylan,password,CT67PQ31,ymartugin8l@surveymonkey.com,Yelena,Martugin,1,33093 Farragut Way,1,16
Kimberlyn,password,FO54NM86,lcharnock8m@typepad.com,Lem,Charnock,1,27363 Dakota Terrace,1,16
Gregor,password,YC42XG83,tcruxton8n@angelfire.com,Taite,Cruxton,1,6504 Prairie Rose Pass,1,16
Lothario,password,SX47ZQ37,cpethybridge8o@yandex.ru,Christyna,Pethybridge,1,51439 Union Way,1,16
Jewel,password,BU65QE81,eciccoloi8p@sohu.com,Eliza,Ciccoloi,1,3394 Sunnyside Place,1,16
Velma,password,XE45WS51,jbacher8q@wordpress.org,Jeramie,Bacher,1,875 Stone Corner Street,1,16
Caleb,password,JU80OO65,cjaquiss8r@whitehouse.gov,Claretta,Jaquiss,1,7 Maywood Pass,0,16
Leticia,password,MF24NX86,sbarton8s@youku.com,Sanders,Barton,1,3312 Luster Court,0,16
Gav,password,OD23IF14,slocarno8t@hc360.com,Sawyer,Locarno,1,877 Cambridge Trail,0,16
Saleem,password,NT41XL48,sdobing8u@xinhuanet.com,Shelley,Dobing,1,350 North Hill,0,16
Glynda,password,OI45NK39,clahive8v@uol.com.br,Cesare,Lahive,1,58 Dryden Crossing,0,16
Juliana,password,KP92QF86,ppettegree8w@sakura.ne.jp,Patin,Pettegree,1,5 Iowa Point,0,16
Salem,password,HQ96TD30,jmacshane8x@theatlantic.com,Jeth,MacShane,1,29537 Longview Plaza,0,16
Merla,password,BZ90WX95,etroyes8y@trellian.com,Ella,Troyes,1,765 3rd Alley,0,16
Georgianna,password,BY13TT84,avinson8z@360.cn,Ase,Vinson,1,458 Luster Trail,0,16
Thomas,password,SC83UE36,glambswood90@msu.edu,Gayleen,Lambswood,1,63 Sunnyside Drive,0,16
Roshelle,password,XW72EY53,bphilipet91@sfgate.com,Barrie,Philipet,1,38282 Northland Crossing,0,16
Jephthah,password,DD34ZA25,cmosdill92@webs.com,Caspar,Mosdill,1,6 Aberg Parkway,0,16
Brien,password,ZD46DX77,smcnish93@economist.com,Susi,McNish,1,79 Pearson Point,0,16
Rawley,password,MI85YT19,bglabach94@tripod.com,Blake,Glabach,1,29 Carioca Parkway,0,16
Maureen,password,SX86NU86,mfairbourn95@opensource.org,Marlee,Fairbourn,1,9395 Hayes Hill,0,16
Rhianon,password,QL96EA47,aditty96@arstechnica.com,Ame,Ditty,1,6579 Elmside Road,0,16
Faun,password,CN93DO27,elhommeau97@soup.io,Esther,L'Hommeau,1,7367 Kinsman Drive,0,16
Jeremie,password,KG58ZA10,fphilps98@prnewswire.com,Farah,Philps,1,00905 Golf Course Court,0,16
Janeen,password,EP50XZ61,mlampens99@uol.com.br,Moise,Lampens,1,5338 Grim Avenue,0,16
Sheppard,password,OS41XK50,mgrattan9a@163.com,Merline,Grattan,1,020 Welch Drive,0,16
Ninon,password,QY40MD64,mhookes9b@stanford.edu,Mair,Hookes,1,43861 Northview Avenue,0,16
Heather,password,AO92OG53,upeck9c@umich.edu,Udell,Peck,1,22613 Harper Terrace,0,16
Raynor,password,NX87SP46,mfley9d@mysql.com,Martguerita,Fley,1,5113 Golden Leaf Crossing,0,16
Daisey,password,JL11UV91,bbuzine9e@vinaora.com,Berne,Buzine,1,787 Ludington Alley,0,16
Arielle,password,AA38GE59,clarwell9f@bigcartel.com,Carlee,Larwell,1,1421 Grasskamp Avenue,0,16
Gilemette,password,OS24HM57,eproughten9g@merriam-webster.com,Emera,Proughten,1,02141 Lukken Drive,0,16
Catharina,password,WR15FB76,cmilliere9h@ucoz.com,Cathryn,Milliere,1,728 Marcy Place,0,16
Konstantine,password,KK92AO76,mgascard9i@shop-pro.jp,Millie,Gascard,1,97 Service Alley,0,16
Steffie,password,SL52VQ98,dparnaby9j@webs.com,Dorolice,Parnaby,1,90 Clove Trail,0,16
Marcelline,password,AM63MW52,ppimlock9k@shutterfly.com,Poul,Pimlock,1,5524 Judy Trail,0,16
Ludovico,password,FQ29SX22,eiddy9l@unesco.org,Evelina,Iddy,1,57933 Ludington Plaza,0,16
Way,password,TG70EL34,vwapple9m@yellowpages.com,Vivienne,Wapple,1,6 Brown Way,0,16
Kalinda,password,ER93RB57,dree9n@icio.us,Dannie,Ree,1,056 Atwood Court,0,16
Stu,password,XP89SB27,bbrownsworth9o@dropbox.com,Babs,Brownsworth,1,0894 Bunker Hill Circle,0,16
Phaedra,password,JE76EY74,bdover9p@phpbb.com,Bernie,Dover,1,55204 Fulton Parkway,0,16
Dollie,password,JG83ST62,vgallant9q@cyberchimps.com,Valeda,Gallant,1,30 Darwin Terrace,2,17
Ximenes,password,TF78RJ51,tmcqueen9r@ebay.co.uk,Tye,McQueen,1,7271 Jackson Center,2,17
Hetti,password,FJ33IT12,cofogarty9s@paginegialle.it,Caressa,O'Fogarty,1,62 Monica Trail,2,17
Malchy,password,QK62BA48,kdebiaggi9t@economist.com,Katie,De Biaggi,1,2268 Caliangt Junction,2,17
Tiffy,password,LT93UL26,lkubin9u@godaddy.com,Leif,Kubin,1,097 Vahlen Road,2,17
Gottfried,password,RC44SB63,showsden9v@unesco.org,Selig,Howsden,1,84 Hudson Court,1,17
Gillie,password,ZK62VZ51,pvickress9w@g.co,Pieter,Vickress,1,4 Colorado Street,1,17
Dane,password,JW84DF30,bsaundercock9x@nih.gov,Bevan,Saundercock,1,606 Knutson Pass,1,17
Juli,password,PE47US58,bhanford9y@friendfeed.com,Biddy,Hanford,1,04048 Lillian Street,1,17
Petronella,password,SU89ZG51,oathersmith9z@go.com,Ossie,Athersmith,1,57 Johnson Alley,1,17
Ursa,password,XQ42FB91,rlinfortha0@unicef.org,Rockey,Linforth,1,79207 Buell Point,1,17
Annie,password,NW25DZ92,dattwoolla1@yale.edu,Dorelia,Attwooll,1,128 Beilfuss Circle,1,17
Alvinia,password,WS62QW28,yratnegea2@i2i.jp,Yettie,Ratnege,1,6 Dexter Alley,1,17
Ellary,password,AF37EZ37,hscaya3@issuu.com,Heda,Scay,1,16084 Rowland Circle,1,17
Starlin,password,UU83NN91,bbuschera4@pinterest.com,Berenice,Buscher,1,13 Linden Parkway,1,17
Sande,password,LM71RC63,vbrokenshirea5@opensource.org,Vern,Brokenshire,1,3627 Riverside Street,0,17
Leigh,password,VT38AV31,wmeritona6@google.cn,Wilmette,Meriton,1,7178 Comanche Drive,0,17
Kristel,password,LV80UV64,rantata7@aboutads.info,Regine,Antat,1,074 Maryland Circle,0,17
Moyra,password,WC12KE58,rhowletta8@alexa.com,Rollins,Howlett,1,68999 Vahlen Alley,0,17
Rori,password,WC42AW79,swoodingsa9@ft.com,Susanne,Woodings,1,05917 Vermont Drive,0,17
Sampson,password,ZG25DT53,bmccurlyeaa@flickr.com,Bryn,McCurlye,1,4 Sheridan Drive,0,17
Niki,password,BA44JR34,sforestelab@vinaora.com,Shaun,Forestel,1,966 Badeau Drive,0,17
Salli,password,IN48NJ83,mperelliac@homestead.com,Moises,Perelli,1,62781 Dennis Avenue,0,17
Pierrette,password,ZX53EU93,btuplingad@arstechnica.com,Burnaby,Tupling,1,37940 Lukken Park,0,17
Delmor,password,KR84MU45,lskeyae@usatoday.com,Lorene,Skey,1,9239 Fairfield Crossing,0,17
Luelle,password,OL37OF18,bbinionaf@arizona.edu,Bren,Binion,1,57015 Mcbride Plaza,0,17
Reine,password,MR36HH85,lroyceag@scribd.com,Lorelle,Royce,1,36914 Fairview Alley,0,17
Heddie,password,QX25GQ19,vpatifieldah@friendfeed.com,Vail,Patifield,1,0707 Katie Terrace,0,17
Mitch,password,PW75SF90,pkahanai@live.com,Parnell,Kahan,1,85773 4th Place,0,17
Joanie,password,NP75JQ71,vechlinaj@github.io,Vite,Echlin,1,69601 Elmside Drive,0,17
Nelie,password,QX30CM71,zdudingak@tumblr.com,Zahara,Duding,1,1 Everett Road,0,17
Jenica,password,UO81KY42,tboydaal@hugedomains.com,Timofei,Boyda,1,75 Washington Circle,0,17
Shae,password,DR55DC37,ccostonam@etsy.com,Casey,Coston,1,55 Union Alley,0,17
Auberta,password,LN95WI65,gbunfordan@youtu.be,Gabriel,Bunford,1,59 Bowman Pass,0,17
Candis,password,CN15AC23,ogoodierao@weibo.com,Ora,Goodier,1,071 Meadow Valley Lane,0,17
Dehlia,password,FJ70II11,clemarquisap@techcrunch.com,Cash,Le Marquis,1,7 Mayfield Plaza,0,17
Alphard,password,MC99LD60,ndunnettaq@mac.com,Noby,Dunnett,1,90 International Point,0,17
Delmer,password,CX30EH22,rdruittar@technorati.com,Rayna,Druitt,1,49 Heffernan Place,0,17
Florrie,password,QG40XN84,mmccarlas@yandex.ru,Mariana,McCarl,1,0 Vera Park,0,17
Mora,password,TX67BL65,mlomisat@auda.org.au,Marcella,Lomis,1,9 Merrick Drive,0,17
Joelle,password,RZ85EU27,tpurnellau@vimeo.com,Tymothy,Purnell,1,22 Oriole Terrace,0,17
Shalom,password,GJ37EC52,nturbillav@howstuffworks.com,Norton,Turbill,1,93055 Waubesa Plaza,0,17
Rubi,password,FP79WQ23,jcollieaw@addtoany.com,Jeremy,Collie,1,6830 Luster Drive,0,17
Heidi,password,ZU76BU86,senglefieldax@aboutads.info,Somerset,Englefield,1,67638 Ruskin Court,0,17
Davin,password,OZ96CK54,shillburnay@businessinsider.com,Sue,Hillburn,1,37 Del Sol Place,0,17
Gertrude,password,GU41FI56,icaswallaz@miitbeian.gov.cn,Irv,Caswall,1,973 Fair Oaks Way,0,17
Misty,password,NQ36LO57,rgarstanb0@deliciousdays.com,Rhonda,Garstan,1,28446 Glacier Hill Alley,0,17
Margarete,password,XG47XN39,rtorrentb1@merriam-webster.com,Reuben,Torrent,1,59593 Pawling Parkway,0,17
Alasdair,password,IG13VF23,obrydieb2@trellian.com,Oralle,Brydie,1,4 Sachs Place,0,17
Chery,password,MS87ZG91,mfollingb3@google.es,Maire,Folling,1,44 Lake View Pass,0,17
Vincent,password,TC81RP80,smacliseb4@list-manage.com,Saul,MacLise,1,68245 Columbus Pass,2,18
Viviyan,password,JG47QF55,jklezmskib5@icio.us,Jeff,Klezmski,1,3 Service Alley,2,18
Justino,password,LG27FG26,jworsomb6@latimes.com,Jeni,Worsom,1,3317 Mccormick Way,2,18
Gilligan,password,IY23DE71,rbuffinb7@pen.io,Renae,Buffin,1,560 Reindahl Hill,2,18
Harley,password,AL60GM99,byerbyb8@theglobeandmail.com,Brendon,Yerby,1,98949 Kenwood Trail,2,18
Dudley,password,KF72KI25,vhinkinsb9@cloudflare.com,Vera,Hinkins,1,419 Holmberg Junction,1,18
Lorene,password,JL20DO21,emartinetsba@people.com.cn,Elyse,Martinets,1,6 Sutteridge Terrace,1,18
Normand,password,WE15TI33,lperingbb@1688.com,Lianna,Pering,1,53 Surrey Avenue,1,18
Yancey,password,VU10IT22,spoleybc@omniture.com,Shayla,Poley,1,09628 Linden Point,1,18
Lizabeth,password,BR44YE72,vjeannenetbd@epa.gov,Vincent,Jeannenet,1,810 Ryan Road,1,18
Roselin,password,SH64GG66,jjimmesbe@cocolog-nifty.com,Jaime,Jimmes,1,415 Myrtle Alley,1,18
Burlie,password,WB55BL36,kmousdallbf@t-online.de,Kaila,Mousdall,1,2 Schlimgen Center,1,18
Isabeau,password,CY92PO30,tdunkerlybg@dion.ne.jp,Trever,Dunkerly,1,48 Shoshone Avenue,1,18
Tedd,password,FZ31CN50,aredbornbh@latimes.com,Adam,Redborn,1,82685 Kennedy Lane,1,18
Sarah,password,SK61ZM82,tclearybi@sphinn.com,Timofei,Cleary,1,39 2nd Drive,1,18
Donny,password,BX46GK10,nvigursbj@columbia.edu,Norene,Vigurs,1,326 La Follette Park,0,18
Gay,password,YM96IF88,sshippambk@parallels.com,Stanislaus,Shippam,1,9 Transport Hill,0,18
Alexandros,password,KK13RO67,rstrettlebl@tuttocitta.it,Rollie,Strettle,1,16762 Sommers Junction,0,18
Artair,password,IO25KD40,ddodimeadbm@ovh.net,Doloritas,Dodimead,1,0 Elka Alley,0,18
Vilhelmina,password,DY10PK51,kshouldersbn@netvibes.com,Krystyna,Shoulders,1,8 Mosinee Pass,0,18
Odella,password,GX80DI45,kdugglebybo@zimbio.com,Karlis,Duggleby,1,4128 Stone Corner Park,0,18
Nolie,password,KD83EF79,yrouselbp@globo.com,Yvonne,Rousel,1,92 Sullivan Drive,0,18
Sibley,password,HK57MM81,ghambletonbq@who.int,Gerti,Hambleton,1,25 Eagan Alley,0,18
Che,password,TE33VV92,rfitzsimonbr@cisco.com,Renato,Fitzsimon,1,057 Towne Junction,0,18
Lolita,password,JS98VU36,bbohlsenbs@patch.com,Brien,Bohlsen,1,16716 Hagan Court,0,18
Jammal,password,LK74IW17,nvossbt@surveymonkey.com,Noellyn,Voss,1,7 Lighthouse Bay Way,0,18
Mort,password,LJ41KG95,emacinerneybu@oaic.gov.au,Eudora,MacInerney,1,5 Luster Pass,0,18
Cynthia,password,FD47LR53,tabdiebv@yandex.ru,Thor,Abdie,1,073 Stoughton Hill,0,18
Allard,password,YE51YX57,hkitchasidebw@nih.gov,Hill,Kitchaside,1,79 Canary Crossing,0,18
Pedro,password,PX75XF52,tcurnickbx@google.es,Timoteo,Curnick,1,29028 Blue Bill Park Way,0,18
Alvie,password,KI93FL22,epitrelliby@dagondesign.com,Elfreda,Pitrelli,1,9 Kropf Junction,0,18
Dionysus,password,MT91SD92,rboschmannbz@cbsnews.com,Rosalynd,Boschmann,1,87445 Portage Parkway,0,18
Ira,password,TL90YF66,mrivallantc0@ning.com,Maureene,Rivallant,1,5062 Roth Junction,0,18
Mattie,password,FN34JX40,gtayloc1@home.pl,Gratia,Taylo,1,037 Ruskin Alley,0,18
Terra,password,HT11TL63,mhinchonc2@paginegialle.it,Myrwyn,Hinchon,1,951 Sherman Point,0,18
Jean,password,UV42SO77,tbrookesc3@mail.ru,Tabor,Brookes,1,76348 Darwin Lane,0,18
Clovis,password,XJ38OW19,skybertc4@example.com,Skyler,Kybert,1,6611 Warrior Park,0,18
Deane,password,WQ47DB57,tkoppc5@disqus.com,Tiphany,Kopp,1,70818 Mcguire Way,0,18
Flemming,password,FA89PO84,cblenkironc6@pcworld.com,Cassandre,Blenkiron,1,131 New Castle Circle,0,18
Finlay,password,NN78IM46,ahambletonc7@networksolutions.com,Amaleta,Hambleton,1,9874 Packers Center,0,18
Edgardo,password,MK38UL76,obillsonc8@edublogs.org,Olive,Billson,1,20247 Nevada Place,0,18
Lizzie,password,IJ45EH89,myosevitzc9@ezinearticles.com,Mathilda,Yosevitz,1,27840 Shelley Street,0,18
Ethelyn,password,WE70UB14,glindellca@hc360.com,Germain,Lindell,1,3 Monterey Parkway,0,18
Miguel,password,SB65DR80,kdullinghamcb@ucla.edu,Kerr,Dullingham,1,34991 Delaware Point,0,18
Katerina,password,JM79RV63,cmeatoncc@java.com,Christoper,Meaton,1,26 Arapahoe Center,0,18
Cathleen,password,LJ57QO66,fpapencd@miitbeian.gov.cn,Fianna,Papen,1,70233 Banding Way,0,18
Arlee,password,HP80NV89,kgiovanardice@over-blog.com,Kevyn,Giovanardi,1,90 Daystar Trail,0,18
Jeanna,password,HG56LQ30,pkrzyzanowskicf@sohu.com,Page,Krzyzanowski,1,73619 Burning Wood Trail,0,18
Allegra,password,NC69EL44,eflaritycg@stumbleupon.com,Edwina,Flarity,1,1843 Green Ridge Trail,0,18
Meridith,password,NB59WL50,fpenberthych@goo.gl,Fred,Penberthy,1,43 Vahlen Terrace,0,18
Gerladina,password,WP27UX70,ehoodlessci@tinyurl.com,Ebonee,Hoodless,1,8 Miller Parkway,2,19
George,password,FF32XE87,rcesariccj@163.com,Robinet,Cesaric,1,923 Pankratz Junction,2,19
Melly,password,SI88MB34,ctimpanyck@hud.gov,Chauncey,Timpany,1,314 Gale Hill,2,19
Toby,password,XR65SA36,astainburncl@amazon.com,Ara,Stainburn,1,7 Stoughton Place,2,19
Spense,password,GK91ER99,lelleringtoncm@csmonitor.com,Lanny,Ellerington,1,49906 Norway Maple Parkway,2,19
Yelena,password,NB34ZQ11,lgittuscn@gizmodo.com,Lynn,Gittus,1,14043 6th Way,1,19
Rudy,password,NU33WT18,daxeco@berkeley.edu,Danette,Axe,1,455 Laurel Circle,1,19
De,password,GC72IL70,ffilippazzocp@istockphoto.com,Ferris,Filippazzo,1,4 Sundown Road,1,19
Ewen,password,UU75KG75,vorourkecq@xrea.com,Vanni,O'Rourke,1,37 Melby Road,1,19
Doralyn,password,VO57NR63,mdoelcr@hugedomains.com,Marilyn,Doel,1,85 Oak Valley Avenue,1,19
Jarid,password,DR31WV25,afairningtoncs@webs.com,Alister,Fairnington,1,5973 Rusk Crossing,1,19
Damien,password,CU23BY60,lwornumct@hao123.com,Lorettalorna,Wornum,1,21511 Little Fleur Road,1,19
Ivette,password,LB96CP24,jjentlecu@live.com,Johnathon,Jentle,1,52 Randy Road,1,19
Neely,password,SB91JP98,nmoneycv@simplemachines.org,Nerte,Money,1,53043 Marcy Street,1,19
Arabela,password,FV99IO62,dfostoncw@51.la,Duff,Foston,1,4 Eastwood Street,1,19
Nickie,password,SP70SR36,hjirucacx@ustream.tv,Helge,Jiruca,1,2701 Sunfield Trail,0,19
Kimble,password,PW88CZ95,hcolquetecy@shutterfly.com,Hodge,Colquete,1,85980 Truax Road,0,19
Theresina,password,HL19NW93,nkenninghamcz@uol.com.br,Nikolos,Kenningham,1,69 Meadow Valley Trail,0,19
Denice,password,LI97OM96,grablind0@dion.ne.jp,Gibbie,Rablin,1,83160 Maple Plaza,0,19
Felipa,password,KV94DP59,skonked1@senate.gov,Stavro,Konke,1,5808 Nelson Drive,0,19
Ram,password,NN87QP90,sdiffleyd2@livejournal.com,Smith,Diffley,1,68 Elmside Junction,0,19
Allen,password,OV93XS97,abroxisd3@twitpic.com,Annette,Broxis,1,74114 Manufacturers Way,0,19
Robby,password,NF95WO99,acloggd4@webmd.com,Abeu,Clogg,1,99 Bellgrove Park,0,19
Ralph,password,AH36AB78,mgorstd5@examiner.com,Marcello,Gorst,1,7056 Gina Alley,0,19
Glenn,password,EE24AT18,ktessingtond6@mayoclinic.com,Keene,Tessington,1,3976 Mallory Plaza,0,19
Calvin,password,PC38LU15,rbaksterd7@cocolog-nifty.com,Reginald,Bakster,1,1 Cherokee Point,0,19
Mirilla,password,MP14DS39,uandrzejd8@w3.org,Ursala,Andrzej,1,4 American Ash Road,0,19
Falito,password,BK78TS22,lmengued9@merriam-webster.com,Link,Mengue,1,29 American Ash Street,0,19
Leslie,password,XF77RQ56,sfineyda@google.de,Stormy,Finey,1,235 Bluejay Hill,0,19
Carmita,password,CM83JR28,mlarderdb@thetimes.co.uk,Maryl,Larder,1,6 Dawn Place,0,19
Wylie,password,SY22CC86,spoundsforddc@ibm.com,Samson,Poundsford,1,7 Garrison Street,0,19
Jackie,password,HA74LV53,ltakkosdd@fotki.com,Latashia,Takkos,1,13374 Melrose Avenue,0,19
Carr,password,LH37LT74,smcnellyde@reddit.com,Siouxie,McNelly,1,78702 Vidon Park,0,19
Gibby,password,XA30HW18,rsimiondf@ucoz.ru,Rory,Simion,1,6 Oxford Road,0,19
Reggie,password,IZ65BA56,etrusslovedg@xinhuanet.com,Eileen,Trusslove,1,6551 Waywood Way,0,19
Adelaida,password,IN27NX67,sskunesdh@theguardian.com,Shaun,Skunes,1,879 Scofield Parkway,0,19
Link,password,CV69BG77,aenderbydi@bbb.org,Adda,Enderby,1,82536 Donald Street,0,19
Mar,password,IS18FE86,gfoggodj@bbb.org,Grover,Foggo,1,2233 Commercial Circle,0,19
Leonie,password,YE33YK24,mmarcosdk@whitehouse.gov,Marylee,Marcos,1,77743 Lunder Trail,0,19
Talbot,password,BY94DQ43,tedwinsdl@constantcontact.com,Tresa,Edwins,1,3152 Old Shore Road,0,19
Kameko,password,RU42YK84,snortheydm@economist.com,Sybil,Northey,1,44048 Sheridan Center,0,19
Phillie,password,OG48AM16,sdallimaredn@ask.com,Sibyl,Dallimare,1,41 Fair Oaks Street,0,19
Godiva,password,CH54CD41,vgambelldo@a8.net,Vania,Gambell,1,36 Division Park,0,19
Crawford,password,BX25JI28,aprestiedp@vinaora.com,Adelice,Prestie,1,0295 Schurz Place,0,19
Franklyn,password,AS97OF16,mbeedq@slate.com,Murdock,Bee,1,23 Vernon Drive,0,19
Manny,password,TE70CI17,ngeorgidr@google.com,Nicky,Georgi,1,80636 North Junction,0,19
Haven,password,YO88QY36,eglidderds@naver.com,Elsey,Glidder,1,423 Springview Plaza,0,19
Dulciana,password,NP47PT92,rsmallacombedt@illinois.edu,Randi,Smallacombe,1,60004 Jenna Plaza,0,19
Jacklyn,password,VR60VF49,zjakubczykdu@sourceforge.net,Zeb,Jakubczyk,1,435 Tony Plaza,0,19
Leia,password,AY60TS23,genrightdv@liveinternet.ru,Gregg,Enright,1,8020 Shopko Road,0,19
Andres,password,UE20IS11,nmcilherandw@pinterest.com,Ninnette,McIlheran,1,6055 Nobel Center,2,20
Ethelred,password,SV10CB46,wclacedx@google.nl,Welch,Clace,1,0719 Logan Parkway,2,20
Harriet,password,EV56ZK36,jedmensondy@prlog.org,Jemimah,Edmenson,1,31279 Waxwing Pass,2,20
Cherri,password,XV24OP66,ebradmandz@infoseek.co.jp,Edsel,Bradman,1,6243 Arrowood Circle,2,20
Clarita,password,HE10BK55,mwiggalle0@google.fr,Merrielle,Wiggall,1,3 Banding Hill,2,20
Willabella,password,SA47ST34,dsavealle1@blogspot.com,Dawn,Saveall,1,352 Nancy Court,1,20
Hannah,password,EP46QC38,jsandifere2@domainmarket.com,James,Sandifer,1,8630 Eliot Plaza,1,20
Skyler,password,RM93WQ16,hmcimmiee3@unc.edu,Harrietta,Mcimmie,1,29096 Mcbride Crossing,1,20
Reynard,password,CM75XF50,bcomelloe4@ucsd.edu,Beverlie,Comello,1,0190 Messerschmidt Point,1,20
Goldarina,password,SF53KO28,gmacee5@163.com,Gib,Mace,1,17441 Springs Crossing,1,20
Ali,password,EJ15PV78,mwanke6@dailymail.co.uk,Moira,Wank,1,5 School Place,1,20
Kristofer,password,SZ98WT67,mallonee7@npr.org,Margot,Allone,1,1728 Lukken Lane,1,20
Dionis,password,UQ71HE17,pleasone8@usa.gov,Patten,Leason,1,66324 Michigan Junction,1,20
Ario,password,OY89GG33,dbrandine9@reddit.com,Denver,Brandin,1,13 Utah Pass,1,20
Kellen,password,RQ44UF33,riwanowskiea@washingtonpost.com,Rickey,Iwanowski,1,8884 Scott Circle,1,20
Timmi,password,XR93YZ21,npestoreb@ustream.tv,Noe,Pestor,1,48 Debra Place,0,20
Shandeigh,password,VW25OV66,bdouglissec@ow.ly,Bat,Dougliss,1,5 Veith Plaza,0,20
Pate,password,LD88XE52,ajirased@indiatimes.com,Arri,Jiras,1,4439 Colorado Hill,0,20
Berkly,password,AY70CW46,wvenningee@google.de,Wadsworth,Venning,1,37 Macpherson Junction,0,20
Kelbee,password,IT80GI75,dspenslyef@printfriendly.com,Delly,Spensly,1,4 Algoma Plaza,0,20
Charla,password,HJ53CP36,tkoliseg@dion.ne.jp,Tawnya,Kolis,1,53 Oneill Terrace,0,20
Cesare,password,RS26YY26,bbuntoneh@fda.gov,Bryon,Bunton,1,8 Goodland Drive,0,20
Remington,password,BW37BQ54,econnichieei@stumbleupon.com,Emmalyn,Connichie,1,369 Merchant Parkway,0,20
Doralin,password,TQ77JD32,lmackeggej@nationalgeographic.com,Lemar,MacKegg,1,5850 Quincy Way,0,20
Celia,password,SN67TT69,ymorrowek@goo.gl,Yoshi,Morrow,1,7 Loftsgordon Point,0,20
Jemie,password,SE17IE99,blorenceel@feedburner.com,Brigitte,Lorence,1,90 Manley Alley,0,20
Blayne,password,YC28CA10,wwyllieem@nps.gov,Waylan,Wyllie,1,68 Northland Court,0,20
Hayden,password,IX16DK30,bphelipeauxen@w3.org,Barris,Phelipeaux,1,3887 Dunning Center,0,20
Murielle,password,UB92PL32,hrodwelleo@ed.gov,Hugo,Rodwell,1,8 Stoughton Way,0,20
Della,password,KT99SF63,bpaviaep@hatena.ne.jp,Blakelee,Pavia,1,58633 Scott Way,0,20
Loleta,password,VA94EC55,ngradyeq@surveymonkey.com,Nestor,Grady,1,52508 Portage Crossing,0,20
Merwyn,password,IZ38BX40,malisoner@discuz.net,Malvina,Alison,1,86409 Del Sol Circle,0,20
Rodger,password,OY52NH87,mwaylandes@bbc.co.uk,Modestia,Wayland,1,795 Bowman Crossing,0,20
Aurlie,password,ZI87DP29,flestrangeet@webmd.com,Fredi,L' Estrange,1,658 Doe Crossing Place,0,20
Janis,password,SW93XI99,mlilioneu@wordpress.org,Mary,Lilion,1,1361 Tomscot Hill,0,20
Wilmette,password,MI90BW66,dlunnev@networksolutions.com,Demetrius,Lunn,1,3572 Buhler Alley,0,20
Lothario,password,DE25VV94,frivalantew@marketwatch.com,Fionna,Rivalant,1,650 Sullivan Center,0,20
Gustie,password,XH37WS81,jwallettex@delicious.com,Jeno,Wallett,1,89 Laurel Point,0,20
Bobbi,password,UP39RV21,fsimmelley@noaa.gov,Frans,Simmell,1,87 Anderson Crossing,0,20
Leodora,password,IH38RA82,bsquibbsez@freewebs.com,Berri,Squibbs,1,1436 John Wall Point,0,20
Nesta,password,UD67EZ44,phuffeyf0@clickbank.net,Piggy,Huffey,1,8785 Ridgeway Avenue,0,20
Heloise,password,RC15SD78,ndarrigoef1@mac.com,Nellie,Darrigoe,1,9 Dahle Pass,0,20
Osmund,password,ID46TN17,vspargof2@taobao.com,Vittoria,Spargo,1,360 Dapin Way,0,20
Valaree,password,XI92XH43,tgerdesf3@com.com,Tessi,Gerdes,1,98922 Mcbride Park,0,20
Joelynn,password,CC29SG67,tishakif4@barnesandnoble.com,Thedrick,Ishaki,1,447 Butternut Drive,0,20
Aldwin,password,TR30MA17,ascempf5@craigslist.org,Augustine,Scemp,1,1903 Victoria Terrace,0,20
Sharon,password,UF62QH27,pwulfingerf6@bigcartel.com,Pattie,Wulfinger,1,43 Express Parkway,0,20
Bryana,password,OU86PG88,nchristoffef7@unc.edu,Nola,Christoffe,1,86235 Carberry Pass,0,20
Dania,password,LU62XP35,nsaingf8@cbslocal.com,Northrop,Saing,1,09546 Crowley Way,0,20
Raimondo,password,MM53BP72,cauchterlonief9@google.com.hk,Chelsie,Auchterlonie,1,63 Warner Place,0,20
Carlyn,password,OD89GF25,arodrigfa@angelfire.com,Ashlan,Rodrig,1,366 Beilfuss Way,2,21
Mommy,password,WL21FC44,pfessionsfb@hp.com,Prissie,Fessions,1,72 Kenwood Trail,2,21
Raffarty,password,WW41WM52,dcaveneyfc@nasa.gov,Diannne,Caveney,1,5245 Arkansas Parkway,2,21
Corbet,password,TL16UD39,mwarehamfd@ovh.net,Mae,Wareham,1,337 Sheridan Way,2,21
Lemmie,password,OT95BZ95,gpagninfe@bravesites.com,Gerrilee,Pagnin,1,55 Saint Paul Street,2,21
Jehu,password,HM35MK84,nrumbleff@squidoo.com,Norby,Rumble,1,39277 Ludington Crossing,1,21
Giraldo,password,OF94WU47,balffg@ed.gov,Barth,Alf,1,02926 Nelson Park,1,21
Nita,password,IL97PA98,cfranchifh@mapquest.com,Christoffer,Franchi,1,86 Lukken Road,1,21
Hilario,password,CU26AK27,sdunwoodyfi@yellowbook.com,Sarajane,Dunwoody,1,33 Merchant Crossing,1,21
Wini,password,FL73CS15,ccherrymanfj@latimes.com,Chilton,Cherryman,1,35689 Linden Crossing,1,21
Gardener,password,HO26QM93,pcannawayfk@soundcloud.com,Page,Cannaway,1,66066 Caliangt Place,1,21
Daffi,password,QD45BM71,ncoppingfl@seesaa.net,Northrop,Copping,1,3 Old Shore Terrace,1,21
Zedekiah,password,SL83XV44,jcupperfm@ucoz.ru,Joyan,Cupper,1,499 Village Way,1,21
Gladys,password,PT51HJ67,igofffn@purevolume.com,Iggie,Goff,1,01 Dawn Pass,1,21
Dinah,password,WC30FU27,kkitsonfo@blinklist.com,Klara,Kitson,1,59623 Glacier Hill Place,1,21
Fairfax,password,IQ92TL70,tcassellafp@imdb.com,Tamara,Cassella,1,303 Sunfield Plaza,0,21
Guss,password,KN21OK28,mslackfq@webeden.co.uk,Matias,Slack,1,461 Gerald Circle,0,21
Vera,password,PS23QV44,rbruckentalfr@weebly.com,Rawley,Bruckental,1,382 Debra Alley,0,21
Blanca,password,MC39LE68,bthornewillfs@cdbaby.com,Burg,Thornewill,1,357 Trailsway Plaza,0,21
Knox,password,OM22VS53,gbootherstoneft@nasa.gov,Gussie,Bootherstone,1,70 Memorial Terrace,0,21
Pacorro,password,AY74BO43,lmillisfu@webs.com,Lilith,Millis,1,4299 Hauk Court,0,21
Jackie,password,QO33ND36,eimlackefv@chron.com,Else,Imlacke,1,9 Shoshone Crossing,0,21
Erinn,password,FF62UI56,acasarofw@va.gov,Averil,Casaro,1,706 Messerschmidt Court,0,21
Fae,password,BL82BH46,rharfleetfx@ocn.ne.jp,Ruthie,Harfleet,1,674 Dapin Junction,0,21
Gwenette,password,QO57OG97,llarmorfy@hubpages.com,Latashia,Larmor,1,16932 Briar Crest Circle,0,21
Lise,password,HU60FJ91,cdenacampfz@mac.com,Cristal,Denacamp,1,184 Dennis Center,0,21
Dorita,password,MI12UW96,tcrucesg0@prnewswire.com,Tito,Cruces,1,51 Londonderry Trail,0,21
Rodolph,password,GW67IJ91,binnerstoneg1@t-online.de,Bea,Innerstone,1,6 Spaight Trail,0,21
Helyn,password,EZ71JH88,htinkling2@fc2.com,Hyacinthia,Tinklin,1,56827 Merrick Place,0,21
Val,password,KS40KI10,gbrickellg3@nba.com,Grenville,Brickell,1,308 Clemons Drive,0,21
Francoise,password,ZZ42QX87,dwestoffg4@msn.com,Douglass,Westoff,1,70 Kedzie Junction,0,21
Valina,password,OG73BD52,crubertisg5@ted.com,Chrisse,Rubertis,1,352 Morningstar Pass,0,21
Annis,password,TY20LU57,asimmersg6@photobucket.com,Alis,Simmers,1,693 Merrick Pass,0,21
Marianne,password,EH99FD84,epartrickg7@nytimes.com,Eunice,Partrick,1,6 Claremont Avenue,0,21
Debora,password,ZO20LA32,vmckallg8@imageshack.us,Violet,McKall,1,18420 Fuller Lane,0,21
Lucretia,password,SY63PP28,igambleg9@digg.com,Ingmar,Gamble,1,271 Crest Line Hill,0,21
Kylie,password,DY31HJ61,blauchlanga@bloglovin.com,Betta,Lauchlan,1,1070 Meadow Ridge Pass,0,21
Rebekkah,password,WV61TW73,usargeantgb@aboutads.info,Ursala,Sargeant,1,0 Fuller Hill,0,21
Gene,password,AQ57NE15,mcomellogc@buzzfeed.com,Mickey,Comello,1,56 Quincy Pass,0,21
Henriette,password,QQ60SB98,dmongeotgd@psu.edu,Donelle,Mongeot,1,54721 Dennis Pass,0,21
Nessy,password,TS36RR22,dmcallange@boston.com,Daphene,McAllan,1,0168 Lillian Point,0,21
Bogey,password,MZ70SH33,cdybaldgf@adobe.com,Cindy,Dybald,1,35 Shoshone Point,0,21
Berna,password,LL92XD71,singarfillgg@chron.com,Shayne,Ingarfill,1,0 Pleasure Place,0,21
Beverlee,password,XM91VJ48,vortigergh@cisco.com,Veradis,Ortiger,1,196 Coolidge Center,0,21
Reg,password,IC56PU19,glutergi@dailymail.co.uk,Gwenny,Luter,1,04301 Division Road,0,21
Bernita,password,FK98OK63,pdemogegj@businessinsider.com,Perle,Demoge,1,652 Menomonie Trail,0,21
Allie,password,GW13MW20,nhiorngk@nba.com,Nolan,Hiorn,1,1435 Graedel Parkway,0,21
Karl,password,MA35PP28,oroathgl@mapy.cz,Odella,Roath,1,4 Tennyson Terrace,0,21
Euphemia,password,ML49YV87,ksimmgm@canalblog.com,Krystalle,Simm,1,5038 Dorton Alley,0,21
Gayler,password,XS79SH11,aartergn@phpbb.com,Annette,Arter,1,453 Stuart Junction,0,21
Luci,password,IF92CE43,bgracewoodgo@blinklist.com,Basil,Gracewood,1,8 Melody Road,2,22
Ambrosius,password,UQ60WZ67,ltrembeygp@amazon.com,Letisha,Trembey,1,40 Autumn Leaf Avenue,2,22
Josee,password,YL44CF75,sdassindalegq@blogtalkradio.com,Sharleen,Dassindale,1,43557 Bluejay Crossing,2,22
Marillin,password,QH92UF99,bclaidengr@sun.com,Bartholemy,Claiden,1,55765 Twin Pines Plaza,2,22
Constantine,password,QU88QW55,gloiseaugs@nydailynews.com,Gennie,L'oiseau,1,1786 2nd Court,2,22
Liv,password,IV88UV12,ekaubischgt@nba.com,Emmy,Kaubisch,1,774 Dahle Pass,1,22
Marilee,password,FW22WB57,adavittgu@dropbox.com,Amye,Davitt,1,2201 Loftsgordon Junction,1,22
Lisle,password,YV96LP42,lhalfacreegv@umich.edu,Louis,Halfacree,1,0420 Eagan Crossing,1,22
Rosalind,password,VP16XY25,tpristnorgw@4shared.com,Thorvald,Pristnor,1,1860 Linden Circle,1,22
Bevan,password,QU40UU45,cvarnhamgx@google.co.jp,Claudia,Varnham,1,588 Comanche Center,1,22
Johnath,password,KG73DR32,dnettleshipgy@youtu.be,Davita,Nettleship,1,5 Pankratz Avenue,1,22
Darell,password,AZ61TS69,cabramamovhgz@biblegateway.com,Crista,Abramamovh,1,166 Summerview Terrace,1,22
Eamon,password,QV94LQ15,sbowaterh0@i2i.jp,Stace,Bowater,1,359 Susan Street,1,22
Raynard,password,AT25KB62,rcodlingh1@netlog.com,Raffarty,Codling,1,005 Center Parkway,1,22
Nanni,password,HH98QL70,tcudihyh2@independent.co.uk,Trixie,Cudihy,1,3 Hoard Street,1,22
Dorthy,password,HX40DE27,smarchanth3@weebly.com,Sherlocke,Marchant,1,2771 Oriole Crossing,0,22
Margarette,password,AA72XS34,mevelingh4@wisc.edu,Morie,Eveling,1,04 Jana Crossing,0,22
Wynny,password,AZ58FF78,netockh5@opera.com,Ninon,Etock,1,8 Lukken Park,0,22
Yurik,password,TV17YM14,tfandrichh6@nsw.gov.au,Tudor,Fandrich,1,31899 Dorton Road,0,22
Kathie,password,DR49PV75,gbodkerh7@xing.com,Gigi,Bodker,1,28703 Crowley Trail,0,22
Porter,password,YJ53NB38,bwhissonh8@marketwatch.com,Belinda,Whisson,1,40188 Pierstorff Terrace,0,22
Gabie,password,FB86KE38,njoisth9@e-recht24.de,Nata,Joist,1,4389 Summer Ridge Way,0,22
Marillin,password,NG97EV48,mnorkerha@noaa.gov,Moise,Norker,1,86925 Shasta Court,0,22
Teressa,password,AS65RQ41,jfazackerleyhb@friendfeed.com,Jannel,Fazackerley,1,027 Sycamore Place,0,22
Garrek,password,NM96SX20,vlivockhc@blogger.com,Vance,Livock,1,2 Goodland Circle,0,22
Bree,password,IF26RT58,lradeliffehd@mediafire.com,Leigh,Radeliffe,1,123 Hudson Park,0,22
Ailey,password,LM11QD71,nsibunhe@about.me,Nada,Sibun,1,15 Luster Drive,0,22
Dollie,password,JP47MM44,acoultashf@cargocollective.com,Augustine,Coultas,1,41 Sheridan Center,0,22
Yule,password,FP68WF28,cfolkshg@baidu.com,Casie,Folks,1,018 Stone Corner Terrace,0,22
Celestine,password,GV72CI61,bkinvanhh@studiopress.com,Benson,Kinvan,1,0173 Riverside Terrace,0,22
Franny,password,PF11KZ27,lseebrighthi@alibaba.com,Lucias,Seebright,1,92608 Sunbrook Court,0,22
Milt,password,JV28WS13,zlukasikhj@constantcontact.com,Zeb,Lukasik,1,5243 Annamark Junction,0,22
Gamaliel,password,GZ25PP94,lbradwellhk@csmonitor.com,Lorraine,Bradwell,1,87170 Larry Way,0,22
Sherill,password,KC71FI96,acheshirhl@nsw.gov.au,Aggie,Cheshir,1,14972 Calypso Center,0,22
Maggi,password,WY91RU88,ccorbridgehm@cbsnews.com,Coletta,Corbridge,1,02214 Katie Parkway,0,22
Lillian,password,NL76YD25,sarunowiczhn@smh.com.au,Silvan,Arunowicz,1,59481 Hoepker Drive,0,22
Bancroft,password,LE88IO40,cfedynskiho@engadget.com,Chane,Fedynski,1,005 Meadow Valley Circle,0,22
Orland,password,QE29HP34,cleveringtonhp@reuters.com,Ced,Leverington,1,106 Homewood Road,0,22
Beryl,password,OD96BC32,ojagohq@1688.com,Onfroi,Jago,1,19495 Autumn Leaf Center,0,22
Felipa,password,IJ74PV97,gfairhamhr@google.com.br,Guilbert,Fairham,1,89 Maywood Drive,0,22
Catrina,password,GN89EV29,despinoshs@japanpost.jp,Darby,Espinos,1,782 Westridge Center,0,22
Kizzie,password,DU73UA16,jjakubovskyht@dion.ne.jp,Jana,Jakubovsky,1,8 Grayhawk Hill,0,22
Franny,password,AU89ZH38,slongstaffhu@cloudflare.com,Selma,Longstaff,1,0 4th Terrace,0,22
Kelsey,password,BZ70XB75,dbaltrushaitishv@miitbeian.gov.cn,Daven,Baltrushaitis,1,592 Pine View Way,0,22
Vina,password,LO63LH71,mgiraulthw@meetup.com,Maura,Girault,1,7 Menomonie Center,0,22
Adelina,password,ZW65SI74,gcampanellehx@toplist.cz,Georgetta,Campanelle,1,9136 Dayton Circle,0,22
Joceline,password,RA89IE53,achisholmhy@sphinn.com,Allsun,Chisholm,1,76 Knutson Street,0,22
Kendrick,password,FS26EE71,pmantlehz@taobao.com,Parsifal,Mantle,1,5847 Anthes Avenue,0,22
Lind,password,LG40UV12,chendroni0@state.gov,Carolyne,Hendron,1,31 Village Green Trail,0,22
Gawen,password,BM47IO78,bamangeri1@webnode.com,Bianka,aManger,1,74 Swallow Terrace,0,22
Nicolle,password,MC11FB89,awaulkeri2@mysql.com,Ardene,Waulker,1,57 Ludington Pass,2,23
Giulio,password,DE35CR61,kmcgarveyi3@miitbeian.gov.cn,Kean,McGarvey,1,1 Bowman Court,2,23
Minni,password,FN35VP93,tbrokeri4@diigo.com,Teri,Broker,1,36963 Pierstorff Center,2,23
Janek,password,BQ19RJ30,gjudgkinsi5@eepurl.com,Gloriane,Judgkins,1,1085 Mcbride Plaza,2,23
Corrie,password,SS22LD76,kcarayoli6@loc.gov,Kaycee,Carayol,1,439 Dunning Pass,2,23
Emlyn,password,CE20JN30,ijoineri7@cbsnews.com,Israel,Joiner,1,705 Nobel Trail,1,23
Brigitta,password,HC42QV69,cruddocki8@scientificamerican.com,Clementina,Ruddock,1,85908 Summerview Crossing,1,23
Alvis,password,OO36ZU90,rpottingeri9@craigslist.org,Reinaldo,Pottinger,1,80115 Service Plaza,1,23
Rayner,password,PD90BZ33,araffertyia@hud.gov,Alvan,Rafferty,1,48451 Manufacturers Avenue,1,23
Jordon,password,ZX72DO86,jhallgalleyib@meetup.com,Jobi,Hallgalley,1,9 Garrison Parkway,1,23
Myca,password,TZ33AB16,cingonic@skype.com,Carroll,Ingon,1,783 Dunning Avenue,1,23
Quintina,password,MO55EA79,igerokid@rediff.com,Isabella,Gerok,1,632 Kinsman Pass,1,23
Martie,password,UL71AE84,kziemsie@cbsnews.com,Kacy,Ziems,1,14164 Lawn Junction,1,23
Dody,password,TR62QP47,nfebryif@joomla.org,Nikita,Febry,1,3792 Fremont Trail,1,23
Ealasaid,password,EL55GP73,sleppoig@mashable.com,Sigvard,Leppo,1,0415 Northridge Pass,1,23
Trumann,password,HY19KJ37,rkellingih@furl.net,Ryon,Kelling,1,3 Fallview Lane,0,23
Gustie,password,UW73MI12,cfuchsii@nymag.com,Collie,Fuchs,1,60 Gina Lane,0,23
Verla,password,OO31NI45,gdyij@jimdo.com,Gilberte,Dy,1,1631 Sutherland Trail,0,23
Trumann,password,WD42LN91,clabromik@free.fr,Crystie,Labrom,1,5500 Farmco Road,0,23
Alf,password,RB75DV16,ecaugheyil@pbs.org,Elli,Caughey,1,0990 Dawn Trail,0,23
Phebe,password,TJ88CX48,slamplughim@bbb.org,Sisile,Lamplugh,1,98 Eastwood Court,0,23
Ellswerth,password,AG90MD24,ktomadoniin@reddit.com,Kristos,Tomadoni,1,8936 Merchant Street,0,23
Had,password,CG14KZ46,gluckwellio@nydailynews.com,Gerri,Luckwell,1,185 Briar Crest Place,0,23
Marietta,password,FH87EW71,manersenip@cornell.edu,Mehetabel,Anersen,1,91619 Loeprich Circle,0,23
Chick,password,TL59MH99,torcottiq@g.co,Trever,Orcott,1,12187 Declaration Hill,0,23
Winnie,password,XB56KR69,dambrogettiir@about.me,Datha,Ambrogetti,1,6 3rd Terrace,0,23
Iris,password,PE39PD17,oharknessis@reference.com,Olav,Harkness,1,66 Waubesa Avenue,0,23
Nerti,password,AW11OO13,gamblerit@nationalgeographic.com,Gar,Ambler,1,942 Boyd Point,0,23
Jamie,password,MB85HX26,ltameiu@nytimes.com,Laura,Tame,1,34 Randy Hill,0,23
Cathryn,password,JI71SJ28,btreeceiv@ow.ly,Blondy,Treece,1,35 Longview Road,0,23
Erin,password,PW31IL68,eweeksiw@chronoengine.com,Ellen,Weeks,1,46105 2nd Center,0,23
Leon,password,AH93UZ96,jmorotix@desdev.cn,Jude,Morot,1,78409 4th Crossing,0,23
Lotte,password,JT10XR28,ocallinaniy@webs.com,Onida,Callinan,1,17291 Burrows Junction,0,23
Pippo,password,NW88ME75,pstivensiz@theguardian.com,Pierrette,Stivens,1,199 Comanche Plaza,0,23
Diann,password,YH58LA83,egogganj0@omniture.com,Edgar,Goggan,1,2 Buhler Terrace,0,23
Avivah,password,OM20PB55,bspearmanj1@time.com,Bree,Spearman,1,4950 Mifflin Hill,0,23
Tove,password,SD70OW61,hwadelinj2@noaa.gov,Henry,Wadelin,1,948 Summerview Circle,0,23
Letty,password,WZ21WT40,malbroj3@drupal.org,Mario,Albro,1,420 Hooker Road,0,23
Mitchell,password,OQ44PO80,awinsparej4@constantcontact.com,Amandy,Winspare,1,62572 Washington Plaza,0,23
Kristo,password,XZ17TJ23,gphonixj5@ebay.co.uk,Ginny,Phonix,1,10 Monterey Hill,0,23
Kaylil,password,KA61IY29,mguerreauj6@purevolume.com,Merci,Guerreau,1,2 Cody Avenue,0,23
Bordie,password,UF49LQ36,ccurrallj7@army.mil,Clarette,Currall,1,4 Forest Circle,0,23
Claribel,password,RJ74HM58,jmissendenj8@merriam-webster.com,Janeen,Missenden,1,696 Evergreen Place,0,23
Roland,password,LZ76TP61,ssperlingj9@friendfeed.com,Stevana,Sperling,1,15042 Moland Court,0,23
Sissie,password,JX86CL86,ldevuystja@histats.com,Leontyne,De Vuyst,1,84 Mosinee Pass,0,23
Leland,password,IM14MR64,vtommaseojb@feedburner.com,Virgie,Tommaseo,1,328 Russell Lane,0,23
Nan,password,QD83VW14,byegorshinjc@huffingtonpost.com,Bradley,Yegorshin,1,132 Redwing Trail,0,23
Stinky,password,WU21CW65,gjeaysjd@nydailynews.com,Gwyneth,Jeays,1,61 Dayton Center,0,23
Nikola,password,VK30PH61,lbasshamje@accuweather.com,Lavinia,Bassham,1,660 Blackbird Trail,0,23
Laurence,password,EI63HV38,lmccumeskyjf@chronoengine.com,Latrina,McCumesky,1,7331 Beilfuss Road,0,23
Joli,password,AD30WL37,ccicettijg@cloudflare.com,Cris,Cicetti,1,98537 Park Meadow Drive,2,24
Mercy,password,MK10CI14,rdergesjh@reverbnation.com,Ronni,Derges,1,94043 Pine View Court,2,24
Nobe,password,QC77LL84,nmuzzolloji@usatoday.com,Neddie,Muzzollo,1,35387 Cody Parkway,2,24
Ulberto,password,CN62CN26,cshippjj@zimbio.com,Cloe,Shipp,1,49 Susan Pass,2,24
Ferdie,password,AW55QU15,bbleierjk@php.net,Brina,Bleier,1,148 Jenifer Street,2,24
Nollie,password,MK82AB79,lsimonyjl@slideshare.net,Lurleen,Simony,1,485 Holy Cross Center,1,24
Marty,password,MR38FY43,ahatrickjm@slideshare.net,Archy,Hatrick,1,34730 Dakota Plaza,1,24
Ardyth,password,YI38II74,mgoldjn@apache.org,Margeaux,Gold,1,1395 Acker Place,1,24
Harv,password,VU99PY48,tspendleyjo@furl.net,Tillie,Spendley,1,7289 Judy Parkway,1,24
Cherlyn,password,PX38EI57,ebalasjp@nydailynews.com,Evie,Balas,1,45 Crescent Oaks Parkway,1,24
Cecil,password,DL60WU49,dtromanjq@123-reg.co.uk,Dana,Troman,1,8864 Delladonna Center,1,24
Vittorio,password,GL58AQ16,kporterjr@jigsy.com,Kym,Porter,1,6 Dahle Point,1,24
Rosabel,password,QQ29PO75,vmeatonjs@wordpress.org,Valenka,Meaton,1,6 Kinsman Hill,1,24
Boyce,password,BC24LS89,hbarrsjt@webeden.co.uk,Henry,Barrs,1,51 Sunnyside Lane,1,24
Alisha,password,AI71RY88,npagettju@hao123.com,Noak,Pagett,1,1520 Onsgard Pass,1,24
Mellisa,password,IT13YU39,mmosejv@shinystat.com,Mortimer,Mose,1,10358 Glacier Hill Drive,0,24
Angelique,password,JM37KO11,wdrancejw@free.fr,Willey,Drance,1,8670 Garrison Drive,0,24
Cully,password,DZ81AE96,fattridejx@cornell.edu,Filia,Attride,1,162 Judy Street,0,24
Kassey,password,UA48CB88,mduhameljy@disqus.com,Miller,Du Hamel,1,880 Bayside Alley,0,24
Shane,password,PA29HA33,dperigeauxjz@gmpg.org,Denis,Perigeaux,1,23 Bunker Hill Terrace,0,24
Stirling,password,GJ95TZ92,ihawsk0@wp.com,Iago,Haws,1,4 Maple Avenue,0,24
Dudley,password,QS24ZG49,dmichielik1@freewebs.com,Dru,Michieli,1,811 Michigan Center,0,24
Genni,password,AW97WM16,jsothamk2@cnbc.com,Jeramie,Sotham,1,63 Bashford Lane,0,24
Ajay,password,UE45LE33,bcrispek3@wikispaces.com,Bren,Crispe,1,3 Anniversary Hill,0,24
Obadiah,password,VT66XL45,colekhovk4@people.com.cn,Clarke,Olekhov,1,3922 Cambridge Hill,0,24
Thorpe,password,MT31PD61,imountneyk5@de.vu,Ilyse,Mountney,1,309 Buhler Way,0,24
Nadine,password,BF19CR55,kwannesk6@scribd.com,Kelly,Wannes,1,8 Northwestern Junction,0,24
Jody,password,FJ66CB80,cholworthk7@opensource.org,Claribel,Holworth,1,01 Tony Pass,0,24
Glendon,password,ET73UK53,ctibbsk8@umn.edu,Cob,Tibbs,1,02 Monica Pass,0,24
Douglas,password,DW77RT78,eprinettk9@pen.io,Euphemia,Prinett,1,284 Amoth Junction,0,24
Winnie,password,QR46JO37,zaingeka@wikimedia.org,Zondra,Ainge,1,09418 Cherokee Alley,0,24
Nani,password,TT14YA28,ghollowkb@macromedia.com,Gardie,Hollow,1,56185 Knutson Lane,0,24
Teddi,password,GL54ZJ76,astiggerkc@alexa.com,Aurelie,Stigger,1,471 1st Plaza,0,24
Boy,password,NE60NV57,lkenfordkd@geocities.com,Licha,Kenford,1,4965 Northfield Crossing,0,24
Scarlet,password,WS95MY51,vmaragake@fda.gov,Vivie,Maraga,1,4 Mifflin Junction,0,24
Kassie,password,FE74XL55,mpickersgillkf@utexas.edu,Madel,Pickersgill,1,62154 Sunbrook Road,0,24
Merralee,password,QU32HF85,jidlekg@bbb.org,Jenny,Idle,1,2304 Boyd Park,0,24
Amelie,password,RT94PS64,rleathwoodkh@unc.edu,Rip,Leathwood,1,65 Golf Street,0,24
Eduardo,password,PZ59VM54,rburnsideski@boston.com,Rani,Burnsides,1,6 Oakridge Center,0,24
Elka,password,LZ27KY30,ldawnaykj@ezinearticles.com,Laurel,Dawnay,1,3545 Florence Street,0,24
Hermia,password,CW76NI91,sstazikerkk@seattletimes.com,Shandra,Staziker,1,17933 Sundown Circle,0,24
Myrah,password,MX59VM70,cvitallkl@springer.com,Clarence,Vitall,1,8 Village Green Plaza,0,24
Valli,password,QX17KX19,msierkm@columbia.edu,Mallory,Sier,1,46515 Old Shore Road,0,24
Ximenez,password,YI28QV61,cmeasomkn@rakuten.co.jp,Collin,Measom,1,11 Dixon Street,0,24
Rennie,password,KR65PL69,mclohiseyko@theatlantic.com,Marti,Clohisey,1,6417 Bay Avenue,0,24
Maurie,password,NW28MO54,gclymerkp@blogs.com,Gabbie,Clymer,1,01 Toban Trail,0,24
Legra,password,UD65FW23,cgosdenkq@howstuffworks.com,Conroy,Gosden,1,31177 Carey Trail,0,24
Lynde,password,ED33JU60,kkahlerkr@flickr.com,Katherine,Kahler,1,931 7th Point,0,24
Dionne,password,BO11LI48,llethlayks@eepurl.com,Lauralee,Lethlay,1,2 Lunder Lane,0,24
Cindra,password,ZE55FG56,bmackinderkt@shinystat.com,Barbie,Mackinder,1,06661 Ludington Lane,0,24
Nancey,password,EV75YY44,acarletonku@sciencedirect.com,Ailyn,Carleton,1,6 Leroy Road,2,25
Konstanze,password,XQ91WB66,acrosserkv@google.com,Ambur,Crosser,1,9 Bunker Hill Way,2,25
Zachery,password,SL45VS10,thearsonkw@ebay.com,Timoteo,Hearson,1,136 Lakewood Gardens Terrace,2,25
Kerianne,password,JO52SM12,sdobingkx@skyrock.com,Seymour,Dobing,1,111 Wayridge Park,2,25
Philippe,password,SE31AL75,nmailesky@europa.eu,Nari,Mailes,1,8 Grover Lane,2,25
Jamey,password,PN94RM64,cmccaghankz@google.com.br,Clair,Mc Caghan,1,6 Carberry Lane,1,25
Aurilia,password,VA39OJ96,msikorskil0@360.cn,Mannie,Sikorski,1,7343 Maple Road,1,25
Greta,password,FP53DP84,oellisonl1@illinois.edu,Orton,Ellison,1,2033 Sunbrook Drive,1,25
Hilliary,password,AS64WV90,rchickenl2@usatoday.com,Rozanne,Chicken,1,43 Green Junction,1,25
Sheilakathryn,password,BZ62VV68,dgabbetisl3@addtoany.com,Deane,Gabbetis,1,5077 Macpherson Point,1,25
Culley,password,RA42RT48,ikemittl4@lycos.com,Innis,Kemitt,1,55 Corscot Circle,1,25
Megen,password,UZ51KI91,tcoonihanl5@plala.or.jp,Tades,Coonihan,1,593 Maywood Trail,1,25
Gunner,password,SQ79ZV61,wjoaol6@imageshack.us,Wynnie,Joao,1,10656 Bluejay Crossing,1,25
Celinka,password,XD84OH61,ksummerbelll7@etsy.com,Kimble,Summerbell,1,01 Loftsgordon Way,1,25
Sheffield,password,ZH47IP69,arubinovitchl8@purevolume.com,Agnese,Rubinovitch,1,72765 Paget Alley,0,25
Cristin,password,YL44YE29,bwilsteadl9@skyrock.com,Barbra,Wilstead,1,50779 Emmet Parkway,0,25
Benito,password,EF99SA79,nbaudaccila@paypal.com,Nicolette,Baudacci,1,8 Garrison Court,0,25
Norri,password,AZ57QA30,ejoullb@google.com.br,Evelin,Joul,1,6 Judy Junction,0,25
Ash,password,XB89HO68,usabbinlc@storify.com,Uriel,Sabbin,1,750 Schlimgen Junction,0,25
Harris,password,ZP65TH36,kkreutzerld@stumbleupon.com,Kacy,Kreutzer,1,616 Mifflin Hill,0,25
Boote,password,BR74LD65,cstuddardle@wp.com,Cathlene,Studdard,1,37769 Marcy Drive,0,25
Sileas,password,WS24SF15,ytyhurstlf@sitemeter.com,Yehudi,Tyhurst,1,5 Warbler Hill,0,25
Hagan,password,KL38RC35,rfirbylg@boston.com,Rory,Firby,1,91385 Prairieview Crossing,0,25
Flynn,password,UR21BA50,chuglh@trellian.com,Corbin,Hug,1,07 Dovetail Court,0,25
Lin,password,LZ41JV51,jvonweldenli@blinklist.com,Jordan,Von Welden,1,45919 Delaware Crossing,0,25
Ambur,password,XP89CJ74,pnemchinovlj@bravesites.com,Philomena,Nemchinov,1,82 Dovetail Hill,0,25
Linnet,password,FI19UD79,adinehartlk@unblog.fr,Aurea,Dine-Hart,1,95 Emmet Parkway,0,25
Bobina,password,IH52GW81,pbreacherll@deliciousdays.com,Penelope,Breacher,1,697 Cordelia Circle,0,25
Katharyn,password,IK10OX25,ckhosalm@earthlink.net,Cecily,Khosa,1,183 Melody Alley,0,25
Claiborne,password,ZZ62WX47,wlinkleterln@bloglovin.com,Willie,Linkleter,1,3 Summerview Pass,0,25
Eileen,password,FS82SZ32,pdumbrilllo@myspace.com,Petronilla,Dumbrill,1,18 Daystar Point,0,25
Matthias,password,JL48SH26,asimoninilp@pbs.org,Alla,Simonini,1,3196 Summerview Plaza,0,25
Nerta,password,PI48YI54,elloydwilliamslq@digg.com,Easter,Lloyd-Williams,1,210 Arrowood Terrace,0,25
Rory,password,TA89IH79,ohancoxlr@360.cn,Olympie,Hancox,1,740 Buell Parkway,0,25
Margette,password,BN67EQ36,mtolladyls@opensource.org,Myrlene,Tollady,1,09 Red Cloud Plaza,0,25
Dido,password,FU10ZC71,glednerlt@ebay.com,Gavra,Ledner,1,45 Banding Place,0,25
Inessa,password,SO16DJ72,hwickliffelu@over-blog.com,Harley,Wickliffe,1,17030 Arkansas Trail,0,25
Windy,password,EW79AN32,dalcaldelv@tripod.com,Donnamarie,Alcalde,1,913 Talisman Center,0,25
Skelly,password,UN31ZR27,pdruganlw@google.co.jp,Patrizia,Drugan,1,8 Nancy Street,0,25
Lelia,password,UE73NE52,tepinelx@wufoo.com,Tiphany,Epine,1,3698 Menomonie Pass,0,25
Shayla,password,XS31XV77,lknathly@histats.com,Loy,Knath,1,294 Hagan Terrace,0,25
Gretal,password,HG54XA61,lferrieriolz@seesaa.net,Lainey,Ferrierio,1,5 Green Circle,0,25
Reinwald,password,IG78BF77,dgrowym0@mapy.cz,Daniele,Growy,1,9 Sommers Park,0,25
Hephzibah,password,QB57UF64,pgrinyakinm1@reference.com,Prudy,Grinyakin,1,98341 Hauk Drive,0,25
Kaylyn,password,AA31LD69,mfalloonm2@ameblo.jp,Menard,Falloon,1,19 Hermina Lane,0,25
Violet,password,TR70ZH42,iarendtm3@globo.com,Ilysa,Arendt,1,115 Summer Ridge Trail,0,25
Axel,password,JG57DQ60,kbraunleinm4@macromedia.com,Keelia,Braunlein,1,160 Nevada Center,0,25
Vinny,password,AI29FW63,aglendinningm5@altervista.org,Ahmad,Glendinning,1,3278 Eagle Crest Parkway,0,25
Diahann,password,JR67ZD70,bwinspurm6@bigcartel.com,Bernadine,Winspur,1,33909 Atwood Crossing,0,25
Alla,password,ZK53ZD14,gsineym7@sciencedirect.com,Gun,Siney,1,5707 Schurz Pass,0,25
Gunther,password,OC73PW21,abromptonm8@google.de,Addi,Brompton,1,960 American Drive,2,26
Elayne,password,RM53GJ90,msenechellm9@cbc.ca,Murdoch,Senechell,1,6 Butternut Road,2,26
Symon,password,FG53ON98,rtremainema@moonfruit.com,Rooney,Tremaine,1,4 Stang Lane,2,26
Wanda,password,DE76PB74,lbillammb@discovery.com,Luci,Billam,1,86843 International Hill,2,26
Meghan,password,VE40DP88,cdombrellmc@salon.com,Constancy,Dombrell,1,69246 Anderson Road,2,26
Gunter,password,AM28MW12,karmitagemd@businesswire.com,Kimberly,Armitage,1,4341 Shopko Trail,1,26
Seamus,password,PJ57AF37,ccurrieme@amazon.co.uk,Camile,Currie,1,08739 Hollow Ridge Lane,1,26
Davina,password,BL80VN45,mhanrettymf@google.nl,Margi,Hanretty,1,6 Darwin Road,1,26
Verge,password,ZO21KA26,kbrutymg@stanford.edu,Kasper,Bruty,1,61 Northview Lane,1,26
Edy,password,SC28UQ14,jbraggermh@house.gov,Judye,Bragger,1,5109 Warrior Plaza,1,26
Grantley,password,IP10YI94,euppettmi@tinyurl.com,Elsworth,Uppett,1,837 Gina Road,1,26
Ivan,password,AR82XA66,wgrassinmj@state.tx.us,Welch,Grassin,1,5288 Norway Maple Avenue,1,26
Ade,password,ZI16ZE88,rmaillardmk@4shared.com,Rora,Maillard,1,2 Charing Cross Way,1,26
Luigi,password,IO59UW57,apervewml@harvard.edu,Anabal,Pervew,1,04 Buell Parkway,1,26
Grover,password,WZ97JR22,amccalistermm@army.mil,Alexina,McCalister,1,62945 Donald Lane,1,26
Yehudi,password,RC92JB10,mdupremn@hugedomains.com,Micheal,Du Pre,1,65549 Truax Avenue,0,26
Stephani,password,GP56DC15,ldunstermo@lulu.com,Lombard,Dunster,1,4976 Truax Place,0,26
Dniren,password,IZ25DF47,mgiabuzzimp@qq.com,Miranda,Giabuzzi,1,3999 Anniversary Circle,0,26
Roze,password,VN51DL66,gcluleemq@mayoclinic.com,Gail,Clulee,1,2197 Harper Way,0,26
Adair,password,UC91YC62,ebulleynmr@opera.com,Ennis,Bulleyn,1,4696 Westridge Road,0,26
Carri,password,YS73ZT85,kfiggenms@arstechnica.com,Katie,Figgen,1,871 Clemons Avenue,0,26
Kass,password,FB17ZS43,kreucastlemt@mozilla.org,Karl,Reucastle,1,6 Del Sol Trail,0,26
Korry,password,DX96CU71,aprettyjohnmu@jalbum.net,Anallese,Prettyjohn,1,21 Glacier Hill Point,0,26
Clayborn,password,QZ33BU24,sjessmv@cdbaby.com,Skipp,Jess,1,58 Texas Street,0,26
Alley,password,YC15FM76,nandriolettimw@jigsy.com,Nicolina,Andrioletti,1,6 Meadow Valley Trail,0,26
Corrine,password,RW49UT74,wpeirsonmx@altervista.org,Wilfred,Peirson,1,68 Esch Point,0,26
Roxy,password,WN41VG99,mpalinmy@pcworld.com,Malvina,Palin,1,93 School Plaza,0,26
Leeanne,password,BY80QP80,cjohanssonmz@parallels.com,Colette,Johansson,1,62 West Center,0,26
Meir,password,WQ13NC19,syitzhakofn0@discovery.com,Sabra,Yitzhakof,1,81972 Barnett Circle,0,26
Vincenz,password,KL54UC66,bdailen1@blogger.com,Bettina,Daile,1,19 Bunting Road,0,26
Arda,password,DZ37BP33,eclayn2@simplemachines.org,Emanuel,Clay,1,2622 Ridgeway Junction,0,26
Mariya,password,IM84XU41,mmeneuxn3@hud.gov,Merrill,Meneux,1,945 Pankratz Trail,0,26
Shirlene,password,PZ38YW67,fbabern4@aboutads.info,Freddy,Baber,1,04678 Bunting Court,0,26
Kacey,password,VN54YN29,wsackesn5@cnn.com,Wilmar,Sackes,1,55 Hoepker Alley,0,26
Normand,password,SD60OJ17,rlaffordn6@etsy.com,Roma,Lafford,1,814 Shelley Trail,0,26
Grady,password,YN24XG39,rrizzardin7@topsy.com,Rena,Rizzardi,1,55292 Merry Junction,0,26
Emelda,password,XC32OF75,lkarczinskin8@discovery.com,Laure,Karczinski,1,73 Browning Trail,0,26
Evonne,password,BH25ET99,sansilln9@acquirethisname.com,Stephanus,Ansill,1,0 Northfield Center,0,26
Ruggiero,password,CC25PX16,cnewellna@china.com.cn,Carrie,Newell,1,7792 Lerdahl Avenue,0,26
Paulina,password,IV65JI20,cbeldonnb@artisteer.com,Cherilyn,Beldon,1,366 Old Shore Pass,0,26
Fay,password,ZK20GM70,asebastiannc@pcworld.com,Alister,Sebastian,1,23 Muir Circle,0,26
Eberhard,password,EK98LF14,vsnodinnd@narod.ru,Virgil,Snodin,1,7 Corry Junction,0,26
Kakalina,password,VK68OR80,cdebowne@fotki.com,Craig,Debow,1,69 Golf Course Court,0,26
Maison,password,ML59RT40,gstowenf@mozilla.com,Georas,Stowe,1,26 Emmet Hill,0,26
Deena,password,XJ88OA72,mjanksng@dmoz.org,Margery,Janks,1,71528 Oak Valley Lane,0,26
Bryon,password,GG76JX13,rcroiziernh@ifeng.com,Raff,Croizier,1,00529 Hermina Crossing,0,26
Jeanne,password,SD69LS34,ctoftni@about.com,Constance,Toft,1,8525 Coleman Pass,0,26
Worden,password,ZS73US25,esantinonj@hexun.com,Ellsworth,Santino,1,28 Rockefeller Center,0,26
Tonnie,password,JP25PX13,hcleynmannk@comsenz.com,Hakim,Cleynman,1,57922 Reinke Parkway,0,26
Chevy,password,NU14JM44,dscotfordnl@umich.edu,Donaugh,Scotford,1,1476 Burrows Terrace,0,26
Ron,password,KY82BN20,lcoathnm@elpais.com,Leigha,Coath,1,151 Veith Court,2,27
Shelia,password,IL65OX37,mtreadgernn@constantcontact.com,Maxy,Treadger,1,2 Dryden Way,2,27
Sandy,password,XT79QS12,inicklinno@youku.com,Irina,Nicklin,1,5674 Northland Avenue,2,27
Dyanne,password,BB65LV70,mfarreilnp@reddit.com,Mada,Farreil,1,1 Prentice Drive,2,27
Agustin,password,XP75VL77,cphillinsnq@ox.ac.uk,Carmelina,Phillins,1,96554 Monument Parkway,2,27
Ainsley,password,SI54XA97,rwyburnnr@wunderground.com,Roanne,Wyburn,1,71688 5th Hill,1,27
Trueman,password,WC19CN70,bdonaldns@surveymonkey.com,Beverie,Donald,1,25 Bobwhite Lane,1,27
Geoff,password,HK39TB13,tsidebottonnt@sbwire.com,Tanner,Sidebotton,1,6 Tennyson Plaza,1,27
Zachary,password,QJ44MQ51,cdowseynu@jigsy.com,Calhoun,Dowsey,1,5 Continental Plaza,1,27
Ephrayim,password,QU96HB28,droggernv@feedburner.com,Dehlia,Rogger,1,9675 Talmadge Plaza,1,27
Burr,password,LO35HD45,olangtrynw@hostgator.com,Odey,Langtry,1,366 Golf Court,1,27
Joyce,password,BT89BL65,abezantnx@tinypic.com,Armand,Bezant,1,56080 Gina Avenue,1,27
Noe,password,MW43PF21,cglascottny@delicious.com,Crissy,Glascott,1,93 Schlimgen Lane,1,27
Kaitlynn,password,RY14HY32,mdunbobinnz@miibeian.gov.cn,Morly,Dunbobin,1,9384 Rigney Park,1,27
Seka,password,QK73MQ97,hskyppo0@feedburner.com,Henriette,Skypp,1,92789 Lukken Circle,1,27
Billie,password,SL23DW86,rlongcakeo1@census.gov,Rhianna,Longcake,1,5084 Eliot Drive,0,27
Maressa,password,MY82UC85,mosheeryneo2@google.ru,Melva,O'Sheeryne,1,39 Summer Ridge Park,0,27
Ethan,password,AY27RF16,aanthamo3@howstuffworks.com,Alexis,Antham,1,058 Stuart Place,0,27
Krystyna,password,PG52NF90,ecowlaso4@sun.com,Evin,Cowlas,1,6132 Havey Plaza,0,27
Jasen,password,BN26HH30,blubertio5@stumbleupon.com,Brandon,Luberti,1,25293 Mesta Place,0,27
Marchall,password,JO74BO86,fjanouso6@i2i.jp,Fayette,Janous,1,95916 Roth Circle,0,27
Robinson,password,SN70LK92,nkilroyo7@amazonaws.com,Nefen,Kilroy,1,9 Grasskamp Street,0,27
Peter,password,RA19TZ49,mteeseo8@businesswire.com,Miran,Teese,1,9 Jenifer Way,0,27
Emilie,password,ZG40WP88,mhughesdono9@sun.com,Maren,Hughesdon,1,672 Pearson Way,0,27
Northrop,password,SD99ET99,mthorleyoa@timesonline.co.uk,Mariellen,Thorley,1,8594 Artisan Way,0,27
Linda,password,GK76IJ33,tzannutoob@squarespace.com,Thadeus,Zannuto,1,7 West Pass,0,27
Maighdiln,password,YM40RV12,ebartalonioc@shutterfly.com,Esther,Bartaloni,1,0146 Sunnyside Point,0,27
Willey,password,SN45AX80,gbendsonod@ehow.com,Grover,Bendson,1,7 Delaware Alley,0,27
Valry,password,JS57UE94,ocabeloe@vk.com,Odelinda,Cabel,1,405 Delaware Place,0,27
Mathew,password,PA43WK42,dparminterof@dmoz.org,Drusy,Parminter,1,05 Badeau Place,0,27
Olag,password,CD15ZO64,achableog@state.tx.us,Arnaldo,Chable,1,5231 Spenser Park,0,27
Jolee,password,PJ77OC80,triccellioh@issuu.com,Torrence,Riccelli,1,3 Ridgeview Road,0,27
Stephanus,password,OL37QA95,lkirkhouseoi@bloglovin.com,Lauryn,Kirkhouse,1,6 Sycamore Place,0,27
Norah,password,ZD68HH87,vabbyssoj@columbia.edu,Vasily,Abbyss,1,8721 Manufacturers Avenue,0,27
Mahmud,password,SU22MG40,awinnisterok@mozilla.org,Ardra,Winnister,1,65737 Montana Junction,0,27
Purcell,password,TF72RI60,sgierekol@stanford.edu,Sigrid,Gierek,1,97257 Sullivan Hill,0,27
Davina,password,BA73FM99,kgoodouneom@hugedomains.com,Kippy,Goodoune,1,0 Bartillon Terrace,0,27
Cody,password,ZI47TU57,omuggeridgeon@time.com,Orin,Muggeridge,1,803 Schmedeman Street,0,27
Nikolaos,password,XD92FJ15,ggilhouleyoo@seattletimes.com,Gasparo,Gilhouley,1,4032 Maple Street,0,27
Retha,password,QD18JH68,jbertelsenop@slideshare.net,Joane,Bertelsen,1,783 Crownhardt Avenue,0,27
Nicolai,password,AE67VZ52,hbonnoroq@home.pl,Hamilton,Bonnor,1,4930 Calypso Alley,0,27
Hyacinthie,password,LS82UL76,aoherlihyor@usda.gov,Adrien,Oherlihy,1,18809 Springs Way,0,27
Lucia,password,YV88HT33,mlotteos@blogger.com,Maxie,Lotte,1,516 Mandrake Terrace,0,27
Karylin,password,WG31TW54,cfriftot@ask.com,Claus,Frift,1,03 Cottonwood Parkway,0,27
Melvyn,password,CU25DW64,nhavelineou@storify.com,Nicolis,Haveline,1,98733 Valley Edge Place,0,27
Woodman,password,QA96UN31,brolinsonov@about.com,Borg,Rolinson,1,061 Canary Hill,0,27
Abbey,password,GY78SA17,mfoyleow@craigslist.org,Merrie,Foyle,1,777 Jana Drive,0,27
Westbrooke,password,MY94WL85,ksimmanceox@odnoklassniki.ru,Kittie,Simmance,1,60 Oriole Hill,0,27
Jefferey,password,VJ25VK79,deldertonoy@admin.ch,Damiano,Elderton,1,4 Bartillon Drive,0,27
Kippie,password,GU45HD70,dammeroz@pen.io,Darwin,Ammer,1,88720 Sloan Lane,0,27
Kellen,password,WW31OY73,smildmottp0@salon.com,Stavro,Mildmott,1,7690 Glacier Hill Alley,2,28
Courtnay,password,BS14MA44,cszymonip1@cmu.edu,Carly,Szymoni,1,5563 Logan Hill,2,28
Alejoa,password,GT59CF93,nkordesp2@intel.com,Nathanial,Kordes,1,7478 Fair Oaks Junction,2,28
Karim,password,LJ52DF43,cbreakwellp3@springer.com,Candida,Breakwell,1,590 Mockingbird Lane,2,28
Obediah,password,XT20IN98,isturgeonp4@ameblo.jp,Ilysa,Sturgeon,1,3 Toban Trail,2,28
Bibi,password,NO84HC48,ngardenerp5@myspace.com,Napoleon,Gardener,1,1 Kedzie Point,1,28
Reade,password,BE38HL48,ycawsep6@woothemes.com,Yetty,Cawse,1,13020 Anniversary Court,1,28
Monroe,password,QZ20LE22,anewarkp7@dmoz.org,Amandie,Newark,1,618 Doe Crossing Place,1,28
Adela,password,VR10CD96,jforteyp8@mapy.cz,Janella,Fortey,1,30 Maple Wood Court,1,28
Allard,password,GU55BC40,kmarcomep9@com.com,Kathlin,Marcome,1,93 Maryland Drive,1,28
Wendeline,password,XX31IT79,abrooksbankpa@huffingtonpost.com,Augustina,Brooksbank,1,1553 Ridge Oak Street,1,28
Kelsi,password,JG93RP42,aewebankpb@chron.com,Annabell,Ewebank,1,0944 Vermont Road,1,28
Galina,password,KX86CA40,fdelamainepc@timesonline.co.uk,Felike,Delamaine,1,941 Grayhawk Way,1,28
Madelene,password,WN55GD24,aduffreepd@tuttocitta.it,Abdel,Duffree,1,9142 Bluejay Pass,1,28
Jacklyn,password,WP90ML90,pwoloschinskipe@google.com.au,Patsy,Woloschinski,1,0 Lotheville Lane,1,28
Jermaine,password,WM97HB30,taronovichpf@msu.edu,Tuckie,Aronovich,1,8384 Morrow Pass,0,28
Frederico,password,KF32JE19,acheavinpg@geocities.jp,Andreana,Cheavin,1,212 Butterfield Court,0,28
Chiquia,password,RG37SG66,mfraryph@merriam-webster.com,Myer,Frary,1,5709 Almo Road,0,28
Isadore,password,RP59GV12,gpownerpi@bbb.org,Grayce,Powner,1,84 Crescent Oaks Alley,0,28
Sharity,password,YN79FK53,bslosspj@nbcnews.com,Bartram,Sloss,1,5687 Loftsgordon Plaza,0,28
Taber,password,HI16LU16,mduffiepk@cmu.edu,Minny,Duffie,1,460 Saint Paul Circle,0,28
Gilbertine,password,SP79LE73,bmcconnalpl@oaic.gov.au,Blaire,McConnal,1,25524 5th Terrace,0,28
Adiana,password,IO92QM80,sclemanceaupm@trellian.com,Seana,Clemanceau,1,4620 Prairie Rose Junction,0,28
Nanci,password,QW95JG35,wputtpn@mysql.com,Wadsworth,Putt,1,53 Cascade Crossing,0,28
Husein,password,ZI84WV97,apebworthpo@weebly.com,Annetta,Pebworth,1,04 Dovetail Circle,0,28
Rochette,password,SZ57NT50,jletchmorepp@usgs.gov,Jelene,Letchmore,1,04998 Hovde Park,0,28
Josiah,password,KI12UH78,rsounesspq@reddit.com,Raynell,Souness,1,853 Browning Crossing,0,28
Lock,password,XQ21IH31,kboothpr@japanpost.jp,Kylie,Booth,1,01500 Westport Circle,0,28
Rosemary,password,NH79QP17,ucastagneps@behance.net,Ursuline,Castagne,1,22661 Forest Dale Place,0,28
Quinton,password,CZ61TX44,oboatwrightpt@epa.gov,Orsola,Boatwright,1,14 Summerview Center,0,28
Johnny,password,KX48MC14,espranklingpu@ted.com,Edd,Sprankling,1,7 Truax Plaza,0,28
Frankie,password,RP88DP74,rlanchesterpv@myspace.com,Ryann,Lanchester,1,8 Mesta Road,0,28
Traver,password,HB50IS34,bcancelierpw@statcounter.com,Bel,Cancelier,1,1 Marcy Parkway,0,28
Obed,password,IW16KO70,ksomespx@google.es,Kaylil,Somes,1,9 Golden Leaf Park,0,28
Addia,password,PH47VW84,esidawaypy@wikipedia.org,Eulalie,Sidaway,1,107 High Crossing Way,0,28
Candide,password,US88UL60,acomportpz@geocities.com,Arvin,Comport,1,733 Dexter Plaza,0,28
Thorndike,password,DZ83KQ30,ystainesq0@wufoo.com,Yorker,Staines,1,4 Sutteridge Parkway,0,28
Niko,password,LS72XI91,asarathq1@geocities.jp,Adelbert,Sarath,1,202 Village Green Alley,0,28
Bernetta,password,QM72XO72,ebouchierq2@is.gd,Edgardo,Bouchier,1,9 Twin Pines Street,0,28
Edgardo,password,IP66RH48,egerbelq3@epa.gov,Elga,Gerbel,1,494 Clarendon Junction,0,28
Arley,password,RV38IT63,lbrowseq4@jigsy.com,Lorrie,Browse,1,12 Orin Terrace,0,28
Cassey,password,IB54LE46,cbetunq5@blogger.com,Culver,Betun,1,1307 Cordelia Center,0,28
Darline,password,FE76PL31,mdrooganq6@naver.com,Mickey,Droogan,1,3 Clyde Gallagher Alley,0,28
Brittney,password,GO73JO71,jferrulliq7@ifeng.com,Juditha,Ferrulli,1,7 Spaight Drive,0,28
Alberto,password,YQ81UY78,aellisonq8@pagesperso-orange.fr,Arden,Ellison,1,938 West Crossing,0,28
Brooke,password,VQ54YI41,kburlingameq9@wisc.edu,Karilynn,Burlingame,1,75 Main Way,0,28
Fanchon,password,SI18LZ27,akiebesqa@hugedomains.com,Amabel,Kiebes,1,9249 Dexter Center,0,28
Tull,password,WH39SU71,gnarracottqb@barnesandnoble.com,Gearalt,Narracott,1,78661 Walton Road,0,28
Dorie,password,BG33NB42,sstrattenqc@plala.or.jp,Sherry,Stratten,1,8 Novick Place,0,28
Nina,password,VV72HN18,sespineqd@amazon.de,Sena,Espine,1,1 Monterey Circle,0,28
Nomi,password,FC69SJ76,epauteqe@sun.com,Edouard,Paute,1,9802 Meadow Valley Parkway,2,29
Hartley,password,YN23NY69,tgerhardtqf@cpanel.net,Tanny,Gerhardt,1,4282 Farwell Road,2,29
Helene,password,LS64RG61,petterqg@cnet.com,Peyter,Etter,1,701 Buell Road,2,29
Marrilee,password,KJ94YE66,vewensonqh@is.gd,Vitia,Ewenson,1,3300 Mariners Cove Plaza,2,29
Minta,password,EH90IF65,gstoiteqi@archive.org,Garrett,Stoite,1,688 Bobwhite Parkway,2,29
Domenico,password,GF66XG36,csurmonqj@mac.com,Corinna,Surmon,1,153 Fordem Court,1,29
Hinze,password,SS71PS89,hlundbeckqk@admin.ch,Harlene,Lundbeck,1,07776 Sunnyside Circle,1,29
Catriona,password,DA70KN61,tangeliniql@friendfeed.com,Trey,Angelini,1,6661 Sage Way,1,29
Dominique,password,ZS85TJ69,kshoubridgeqm@newsvine.com,Kania,Shoubridge,1,84108 Anhalt Place,1,29
Mendel,password,AJ29KU84,ogertrayqn@apache.org,Ollie,Gertray,1,852 Summer Ridge Avenue,1,29
Cherianne,password,AI76ZY85,ccrowcheqo@123-reg.co.uk,Casandra,Crowche,1,13793 Lindbergh Junction,1,29
Monique,password,PE35UR41,lklainerqp@imdb.com,Lorettalorna,Klainer,1,621 Charing Cross Pass,1,29
Kym,password,FF79EM45,amcteagueqq@fda.gov,Armand,McTeague,1,21890 Tennessee Parkway,1,29
Cyndi,password,VW78QY24,mdedomenicoqr@harvard.edu,Michail,De Domenico,1,63764 Riverside Drive,1,29
Goraud,password,XY77EZ42,wmckearnenqs@lycos.com,Web,McKearnen,1,76 Nova Road,1,29
Saunders,password,LD27OG49,fgommoweqt@xing.com,Francisca,Gommowe,1,7856 Mayfield Junction,0,29
Kameko,password,LA87FO77,gholleranqu@biglobe.ne.jp,Guendolen,Holleran,1,5 Granby Way,0,29
Carley,password,WQ35CM42,cnajeraqv@google.com.br,Catherina,Najera,1,4897 Lake View Pass,0,29
Stevena,password,VB42KM87,prossettiqw@ox.ac.uk,Poppy,Rossetti,1,332 Corry Terrace,0,29
Sharla,password,UU54MI55,gcrichtonqx@time.com,Guss,Crichton,1,90 Talmadge Point,0,29
Gwenore,password,KC20BO42,cthaxtonqy@nymag.com,Chip,Thaxton,1,0294 Tony Hill,0,29
Tasha,password,TP18UH67,ogoundrillqz@blogspot.com,Osmund,Goundrill,1,89405 Karstens Center,0,29
Flory,password,GM88NK25,njerrimr0@paginegialle.it,Niki,Jerrim,1,1626 Clyde Gallagher Parkway,0,29
Guilbert,password,MX94DB50,jperisr1@home.pl,Jolyn,Peris,1,08862 Cottonwood Plaza,0,29
Nanice,password,JS71TN37,rstennersr2@networksolutions.com,Ree,Stenners,1,85375 Manufacturers Street,0,29
Marcello,password,PY11SV78,drowterr3@princeton.edu,Deanne,Rowter,1,2934 Schmedeman Circle,0,29
Paddie,password,RY33VL96,bsallengerr4@biblegateway.com,Barnett,Sallenger,1,133 Loeprich Place,0,29
Percy,password,KC96RI63,astandringr5@webnode.com,Alisa,Standring,1,6 Algoma Crossing,0,29
Adham,password,XK79ZY36,nheninghamr6@omniture.com,Nikolos,Heningham,1,544 Erie Avenue,0,29
Jackelyn,password,EQ48PI39,dcrockerr7@cnn.com,Darbee,Crocker,1,22086 Oakridge Crossing,0,29
Norrie,password,EM52OD23,hnicollsr8@google.com.br,Harlie,Nicolls,1,080 Columbus Court,0,29
Darline,password,NJ52WN79,cgrasonr9@mtv.com,Ceciley,Grason,1,393 Steensland Plaza,0,29
Candi,password,XF20YT43,wharknessra@canalblog.com,Wynn,Harkness,1,421 Spohn Crossing,0,29
Jeanine,password,XE87JZ67,pcollifordrb@oracle.com,Patrizio,Colliford,1,692 Westridge Crossing,0,29
Aldric,password,QY32PC92,mspensleyrc@redcross.org,Milka,Spensley,1,80022 Pennsylvania Crossing,0,29
El,password,NN62NT37,abuxsyrd@google.com.br,Allix,Buxsy,1,21 Anzinger Lane,0,29
Zebulon,password,LJ48KA74,jlyallre@xrea.com,Josephina,Lyall,1,259 Ridgeway Crossing,0,29
Harley,password,VS52DH16,dleonardsrf@indiegogo.com,Darryl,Leonards,1,3 Delaware Parkway,0,29
Hayes,password,WJ16PW21,lyeatsrg@sfgate.com,Lacey,Yeats,1,01995 Oneill Center,0,29
Raphaela,password,LJ30DM42,tcoultrh@i2i.jp,Tiffany,Coult,1,0 Delladonna Park,0,29
Glenda,password,SA32JM67,mnetleyri@salon.com,Marta,Netley,1,82600 Dovetail Crossing,0,29
Sterling,password,NZ56YD82,olavrickrj@jimdo.com,Oates,Lavrick,1,773 Corscot Road,0,29
Audrye,password,PA35RM16,gpoultneyrk@bizjournals.com,Goldarina,Poultney,1,03 Kropf Junction,0,29
Nanete,password,MZ43MJ94,dlideardrl@twitter.com,Dasi,Lideard,1,226 Shasta Drive,0,29
Quill,password,BG31QJ82,azellandrm@spiegel.de,Ameline,Zelland,1,87262 Elka Point,0,29
Malina,password,SJ85GK64,ksemeradrn@ucla.edu,Kit,Semerad,1,31842 Reinke Parkway,0,29
Nalani,password,AP22UJ96,cbillionro@tinypic.com,Casi,Billion,1,380 Longview Place,0,29
Barnett,password,VH77GQ20,aofenrp@alexa.com,Aretha,Ofen,1,1801 Rigney Alley,0,29
Juliet,password,EN69PJ44,mschollrq@purevolume.com,Matelda,Scholl,1,89 Washington Place,0,29
Leonanie,password,JK95CV75,storticerr@bizjournals.com,Sherline,Tortice,1,3 Esch Alley,0,29
